api-gateway	CsrfTokenController	GET	/api/v1/csrf	37
api-gateway	FallbackController	ANY	/fallback	15
auth-service	AuthController	POST	/api/v1/auth/google	45
auth-service	AuthController	POST	/api/v1/auth/register	54
auth-service	AuthController	POST	/api/v1/auth/login	64
auth-service	AuthController	POST	/api/v1/auth/admin/login	73
auth-service	AuthController	POST	/api/v1/auth/refresh	82
auth-service	AuthController	POST	/api/v1/auth/logout	99
auth-service	AuthController	POST	/api/v1/auth/forgot-password	127
auth-service	AuthController	POST	/api/v1/auth/reset-password	133
auth-service	AuthController	POST	/api/v1/auth/verify-otp	139
auth-service	AuthController	GET	/api/v1/auth/profile	145
auth-service	AuthController	PUT	/api/v1/auth/change-password	151
auth-service	AuthController	PUT	/api/v1/auth/profile	159
auth-service	AuthController	PUT	/api/v1/auth/change-email	167
auth-service	AuthController	POST	/api/v1/auth/change-email/request	178
auth-service	AuthController	POST	/api/v1/auth/change-email/confirm	189
auth-service	AuthController	PUT	/api/v1/auth/change-phone	199
auth-service	AuthController	PUT	/api/v1/auth/profile/preferences	210
auth-service	AuthController	GET	/api/v1/auth/support-contact	218
auth-service	AuthController	PUT	/api/v1/auth/complete-profile	223
auth-service	AuthController	GET	/api/v1/auth/admin/search-customers	234
auth-service	AuthController	GET	/api/v1/auth/admin/search-staff	244
auth-service	AuthController	GET	/api/v1/auth/admin/customers	259
auth-service	AuthController	GET	/api/v1/auth/admin/customer/{id}	271
auth-service	AuthController	PUT	/api/v1/auth/admin/customer/{id}	281
auth-service	AuthController	POST	/api/v1/auth/admin/create-customer	293
auth-service	AuthController	POST	/api/v1/auth/admin/customer/{id}/temp-password	305
auth-service	AuthController	POST	/api/v1/auth/admin/register	316
auth-service	AuthController	GET	/api/v1/auth/admin/admins	326
auth-service	AuthController	PUT	/api/v1/auth/admin/admins/{id}	332
auth-service	AuthController	DELETE	/api/v1/auth/admin/user/{id}	340
auth-service	AuthController	POST	/api/v1/auth/admin/bulk-ban	346
auth-service	AuthController	POST	/api/v1/auth/admin/bulk-unban	352
auth-service	AuthController	POST	/api/v1/auth/admin/bulk-delete	358
auth-service	AuthController	POST	/api/v1/auth/mfa/enroll	373
auth-service	AuthController	POST	/api/v1/auth/mfa/confirm	378
auth-service	AuthController	POST	/api/v1/auth/mfa/disable	385
auth-service	AuthController	POST	/api/v1/auth/verify-email	395
auth-service	AuthController	POST	/api/v1/auth/resend-verification	405
auth-service	AuthController	GET	/api/v1/auth/sessions	414
auth-service	AuthController	DELETE	/api/v1/auth/sessions/{id}	424
auth-service	AuthController	POST	/api/v1/auth/sessions/revoke-others	436
auth-service	AuthController	GET	/api/v1/auth/admin/sessions	450
auth-service	AuthController	DELETE	/api/v1/auth/admin/sessions/{id}	458
auth-service	AuthController	DELETE	/api/v1/auth/admin/users/{userId}/sessions	466
auth-service	AuthController	GET	/api/v1/auth/admin/audit-log	474
auth-service	AuthController	POST	/api/v1/auth/admin/admins/{id}/promote	486
auth-service	AuthController	POST	/api/v1/auth/admin/admins/{id}/demote	493
auth-service	AuthController	GET	/api/v1/auth/admin/super-admin/stats	500
auth-service	AuthorityController	GET	/api/v1/auth/authority/me	70
auth-service	AuthorityController	POST	/api/v1/auth/authority/grants	79
auth-service	AuthorityController	DELETE	/api/v1/auth/authority/grants/{id}	91
auth-service	AuthorityController	GET	/api/v1/auth/authority/grants	104
auth-service	AuthorityController	GET	/api/v1/auth/authority/grants/by-user/{userId}	119
auth-service	AuthorityController	POST	/api/v1/auth/authority/locks	133
auth-service	AuthorityController	DELETE	/api/v1/auth/authority/locks/{id}	145
auth-service	AuthorityController	GET	/api/v1/auth/authority/locks/lookup	165
auth-service	AuthorityController	GET	/api/v1/auth/authority/internal/locks/lookup	183
auth-service	AuthorityController	GET	/api/v1/auth/authority/locks	192
auth-service	InternalUserController	GET	/api/v1/auth/internal/users/{id}/contact	31
auth-service	SiteContentController	GET	/api/v1/site-content/public/{slug}	32
auth-service	SiteContentController	PUT	/api/v1/site-content/admin/{slug}	48
auth-service	UserPrivacyController	DELETE	/api/v1/auth/privacy/me	31
auth-service	UserPrivacyController	POST	/api/v1/auth/privacy/admin/anonymize/{userId}	44
availability-service	AvailabilityController	GET	/api/v1/availability/dates	46
availability-service	AvailabilityController	GET	/api/v1/availability/slots	56
availability-service	AvailabilityController	GET	/api/v1/availability/internal/check	66
availability-service	AvailabilityController	GET	/api/v1/availability/admin/blocked-dates	76
availability-service	AvailabilityController	GET	/api/v1/availability/admin/blocked-slots	81
availability-service	AvailabilityController	POST	/api/v1/availability/admin/block-date	86
availability-service	AvailabilityController	DELETE	/api/v1/availability/admin/unblock-date	93
availability-service	AvailabilityController	DELETE	/api/v1/availability/admin/blocked-dates/{id}	105
availability-service	AvailabilityController	DELETE	/api/v1/availability/admin/blocked-slots/{id}	111
availability-service	AvailabilityController	POST	/api/v1/availability/admin/block-slot	117
availability-service	AvailabilityController	DELETE	/api/v1/availability/admin/unblock-slot	124
booking-service	AdminBookingController	GET	/api/v1/bookings/admin	98
booking-service	AdminBookingController	GET	/api/v1/bookings/admin/today	114
booking-service	AdminBookingController	GET	/api/v1/bookings/admin/upcoming	125
booking-service	AdminBookingController	GET	/api/v1/bookings/admin/by-date	136
booking-service	AdminBookingController	GET	/api/v1/bookings/admin/by-status	147
booking-service	AdminBookingController	GET	/api/v1/bookings/admin/search	166
booking-service	AdminBookingController	PATCH	/api/v1/bookings/admin/{bookingRef}	180
booking-service	AdminBookingController	POST	/api/v1/bookings/admin/{bookingRef}/cancel	193
booking-service	AdminBookingController	POST	/api/v1/bookings/admin/{bookingRef}/confirm	211
booking-service	AdminBookingController	POST	/api/v1/bookings/admin/{bookingRef}/check-in	225
booking-service	AdminBookingController	GET	/api/v1/bookings/admin/{bookingRef}/available-rooms	275
booking-service	AdminBookingController	PATCH	/api/v1/bookings/admin/{bookingRef}/room	282
booking-service	AdminBookingController	POST	/api/v1/bookings/admin/{bookingRef}/checkout	296
booking-service	AdminBookingController	POST	/api/v1/bookings/admin/{bookingRef}/undo-check-in	327
booking-service	AdminBookingController	GET	/api/v1/bookings/admin/dashboard-stats	361
booking-service	AdminBookingController	GET	/api/v1/bookings/admin/operational-date	368
booking-service	AdminBookingController	POST	/api/v1/bookings/admin/operational-date/advance	414
booking-service	AdminBookingController	POST	/api/v1/bookings/admin/operational-date/set	435
booking-service	AdminBookingController	GET	/api/v1/bookings/admin/event-types	459
booking-service	AdminBookingController	POST	/api/v1/bookings/admin/event-types	464
booking-service	AdminBookingController	PUT	/api/v1/bookings/admin/event-types/{id}	470
booking-service	AdminBookingController	PATCH	/api/v1/bookings/admin/event-types/{id}/toggle-active	476
booking-service	AdminBookingController	DELETE	/api/v1/bookings/admin/event-types/{id}	482
booking-service	AdminBookingController	GET	/api/v1/bookings/admin/add-ons	490
booking-service	AdminBookingController	POST	/api/v1/bookings/admin/add-ons	495
booking-service	AdminBookingController	PUT	/api/v1/bookings/admin/add-ons/{id}	501
booking-service	AdminBookingController	PATCH	/api/v1/bookings/admin/add-ons/{id}/toggle-active	507
booking-service	AdminBookingController	DELETE	/api/v1/bookings/admin/add-ons/{id}	513
booking-service	AdminBookingController	GET	/api/v1/bookings/admin/event-categories	521
booking-service	AdminBookingController	POST	/api/v1/bookings/admin/event-categories	526
booking-service	AdminBookingController	PUT	/api/v1/bookings/admin/event-categories/{id}	539
booking-service	AdminBookingController	PATCH	/api/v1/bookings/admin/event-categories/{id}/toggle-active	546
booking-service	AdminBookingController	DELETE	/api/v1/bookings/admin/event-categories/{id}	552
booking-service	AdminBookingController	GET	/api/v1/bookings/admin/event-categories/global	559
booking-service	AdminBookingController	POST	/api/v1/bookings/admin/event-categories/global	566
booking-service	AdminBookingController	PUT	/api/v1/bookings/admin/event-categories/global/{id}	581
booking-service	AdminBookingController	PATCH	/api/v1/bookings/admin/event-categories/global/{id}/toggle-active	590
booking-service	AdminBookingController	DELETE	/api/v1/bookings/admin/event-categories/global/{id}	598
booking-service	AdminBookingController	GET	/api/v1/bookings/admin/addon-categories	607
booking-service	AdminBookingController	POST	/api/v1/bookings/admin/addon-categories	612
booking-service	AdminBookingController	PUT	/api/v1/bookings/admin/addon-categories/{id}	625
booking-service	AdminBookingController	PATCH	/api/v1/bookings/admin/addon-categories/{id}/toggle-active	632
booking-service	AdminBookingController	DELETE	/api/v1/bookings/admin/addon-categories/{id}	638
booking-service	AdminBookingController	GET	/api/v1/bookings/admin/addon-categories/global	644
booking-service	AdminBookingController	POST	/api/v1/bookings/admin/addon-categories/global	651
booking-service	AdminBookingController	PUT	/api/v1/bookings/admin/addon-categories/global/{id}	666
booking-service	AdminBookingController	PATCH	/api/v1/bookings/admin/addon-categories/global/{id}/toggle-active	675
booking-service	AdminBookingController	DELETE	/api/v1/bookings/admin/addon-categories/global/{id}	683
booking-service	AdminBookingController	GET	/api/v1/bookings/admin/reports	693
booking-service	AdminBookingController	GET	/api/v1/bookings/admin/reports/date-range	700
booking-service	AdminBookingController	POST	/api/v1/bookings/admin/audit	710
booking-service	AdminBookingController	GET	/api/v1/bookings/admin/house-accounts	726
booking-service	AdminBookingController	POST	/api/v1/bookings/admin/create-booking	737
booking-service	AdminBookingController	GET	/api/v1/bookings/admin/customer-booking-count/{customerId}	752
booking-service	AdminBookingController	GET	/api/v1/bookings/admin/customers/{customerId}/review-summary	759
booking-service	AdminBookingController	GET	/api/v1/bookings/admin/customers/{customerId}/reviews	767
booking-service	AdminBookingController	GET	/api/v1/bookings/admin/booked-slots	783
booking-service	AdminBookingController	GET	/api/v1/bookings/admin/{bookingRef}/events	791
booking-service	AdminBookingController	POST	/api/v1/bookings/admin/{bookingRef}/replay	822
booking-service	AdminBookingController	POST	/api/v1/bookings/admin/replay-all	829
booking-service	AdminBookingController	POST	/api/v1/bookings/admin/{bookingRef}/override-status	852
booking-service	AdminBookingController	GET	/api/v1/bookings/admin/sagas/failed	892
booking-service	AdminBookingController	GET	/api/v1/bookings/admin/sagas/compensating	899
booking-service	AdminBookingController	GET	/api/v1/bookings/admin/venue-rooms	921
booking-service	AdminBookingController	POST	/api/v1/bookings/admin/venue-rooms	926
booking-service	AdminBookingController	PUT	/api/v1/bookings/admin/venue-rooms/{id}	943
booking-service	AdminBookingController	PATCH	/api/v1/bookings/admin/venue-rooms/{id}/toggle-active	949
booking-service	AdminBookingController	DELETE	/api/v1/bookings/admin/venue-rooms/{id}	955
booking-service	AdminBookingController	POST	/api/v1/bookings/admin/venue-rooms/{id}/approve	962
booking-service	AdminBookingController	POST	/api/v1/bookings/admin/venue-rooms/{id}/reject	976
booking-service	AdminBookingController	GET	/api/v1/bookings/admin/venue-rooms/blocks	998
booking-service	AdminBookingController	GET	/api/v1/bookings/admin/venue-rooms/{roomId}/blocks	1004
booking-service	AdminBookingController	POST	/api/v1/bookings/admin/venue-rooms/{roomId}/blocks	1010
booking-service	AdminBookingController	DELETE	/api/v1/bookings/admin/venue-rooms/blocks/{blockId}	1024
booking-service	AdminBookingController	GET	/api/v1/bookings/admin/pricing/surge-rules	1034
booking-service	AdminBookingController	POST	/api/v1/bookings/admin/pricing/surge-rules	1039
booking-service	AdminBookingController	PUT	/api/v1/bookings/admin/pricing/surge-rules/{id}	1046
booking-service	AdminBookingController	PATCH	/api/v1/bookings/admin/pricing/surge-rules/{id}/toggle-active	1052
booking-service	AdminBookingController	DELETE	/api/v1/bookings/admin/pricing/surge-rules/{id}	1058
booking-service	AdminCurrencyController	GET	/api/v1/bookings/admin/currencies	69
booking-service	AdminCurrencyController	POST	/api/v1/bookings/admin/currencies/refresh	79
booking-service	AdminCurrencyController	POST	/api/v1/bookings/admin/currencies	92
booking-service	AdminCurrencyController	POST	/api/v1/bookings/admin/currencies/{code}/toggle	107
booking-service	AdminCurrencyController	DELETE	/api/v1/bookings/admin/currencies/{code}	122
booking-service	AdminNotificationController	GET	/api/v1/bookings/admin/notifications	22
booking-service	AdminNotificationController	GET	/api/v1/bookings/admin/notifications/unread-count	33
booking-service	AdminNotificationController	POST	/api/v1/bookings/admin/notifications/{id}/read	41
booking-service	AdminNotificationController	POST	/api/v1/bookings/admin/notifications/read-all	49
booking-service	AdminNotificationController	GET	/api/v1/bookings/admin/notifications/sent	60
booking-service	AdminNotificationController	GET	/api/v1/bookings/admin/notifications/thread/{threadId}	69
booking-service	AdminNotificationController	POST	/api/v1/bookings/admin/notifications/send	78
booking-service	AdminNotificationController	POST	/api/v1/bookings/admin/notifications/send-bulk	92
booking-service	AdminNotificationController	POST	/api/v1/bookings/admin/notifications/{id}/reply	110
booking-service	AdminNotificationController	DELETE	/api/v1/bookings/admin/notifications/{id}	122
booking-service	AdminNotificationController	POST	/api/v1/bookings/admin/notifications/clear-read	132
booking-service	AdminOpsController	POST	/api/v1/bookings/admin/ops/replay-dlt	78
booking-service	AdminOpsController	POST	/api/v1/bookings/admin/ops/outbox/retry-failed	155
booking-service	AdminOpsController	GET	/api/v1/bookings/admin/ops/health	176
booking-service	AdminPricingController	GET	/api/v1/bookings/admin/pricing/rate-codes	51
booking-service	AdminPricingController	GET	/api/v1/bookings/admin/pricing/rate-codes/active	59
booking-service	AdminPricingController	GET	/api/v1/bookings/admin/pricing/rate-codes/{id}	67
booking-service	AdminPricingController	POST	/api/v1/bookings/admin/pricing/rate-codes	76
booking-service	AdminPricingController	PUT	/api/v1/bookings/admin/pricing/rate-codes/{id}	86
booking-service	AdminPricingController	PATCH	/api/v1/bookings/admin/pricing/rate-codes/{id}/toggle-active	96
booking-service	AdminPricingController	DELETE	/api/v1/bookings/admin/pricing/rate-codes/{id}	106
booking-service	AdminPricingController	GET	/api/v1/bookings/admin/pricing/customer/{customerId}	120
booking-service	AdminPricingController	POST	/api/v1/bookings/admin/pricing/customer	129
booking-service	AdminPricingController	DELETE	/api/v1/bookings/admin/pricing/customer/{customerId}	138
booking-service	AdminPricingController	POST	/api/v1/bookings/admin/pricing/bulk-assign-rate-code	148
booking-service	AdminPricingController	PATCH	/api/v1/bookings/admin/pricing/customer/{customerId}/member-label	158
booking-service	AdminPricingController	GET	/api/v1/bookings/admin/pricing/resolve/{customerId}	173
booking-service	AdminPricingController	GET	/api/v1/bookings/admin/pricing/resolve-rate-code/{rateCodeId}	191
booking-service	AdminPricingController	GET	/api/v1/bookings/admin/pricing/customer-detail/{customerId}	204
booking-service	AdminRecoveryQueueController	GET	/api/v1/bookings/admin/recovery/stuck-pending	71
booking-service	AdminRecoveryQueueController	GET	/api/v1/bookings/admin/recovery/expired-holds	93
booking-service	AdminRecoveryQueueController	GET	/api/v1/bookings/admin/recovery/paid-not-confirmed	114
booking-service	AdminRecoveryQueueController	GET	/api/v1/bookings/admin/recovery/no-show	137
booking-service	AdminRecoveryQueueController	GET	/api/v1/bookings/admin/recovery/summary	162
booking-service	AdminRecoveryQueueController	POST	/api/v1/bookings/admin/recovery/expired-holds/{token}/release	190
booking-service	AdminRecoveryQueueController	POST	/api/v1/bookings/admin/recovery/stuck-pending/{bookingRef}/cancel	212
booking-service	AdminRecoveryQueueController	POST	/api/v1/bookings/admin/recovery/paid-not-confirmed/{bookingRef}/replay	234
booking-service	AdminRecoveryQueueController	GET	/api/v1/bookings/admin/recovery/funnel	273
booking-service	AdminRiskFlagController	GET	/api/v1/bookings/admin/risk-flags	37
booking-service	AdminRiskFlagController	GET	/api/v1/bookings/admin/risk-flags/booking/{bookingRef}	51
booking-service	AdminRiskFlagController	POST	/api/v1/bookings/admin/risk-flags/{id}/acknowledge	63
booking-service	AdminRiskFlagController	POST	/api/v1/bookings/admin/risk-flags/booking/{bookingRef}/manual	81
booking-service	AdminSseController	GET	/api/v1/bookings/admin/events/stream	40
booking-service	AdminSupportController	GET	/api/v1/bookings/admin/support/escalations	38
booking-service	AdminSupportController	GET	/api/v1/bookings/admin/support/{bookingRef}	48
booking-service	AdminSupportController	GET	/api/v1/bookings/admin/support/{bookingRef}/notes	56
booking-service	AdminSupportController	POST	/api/v1/bookings/admin/support/{bookingRef}/notes	64
booking-service	AdminSupportController	PATCH	/api/v1/bookings/admin/support/notes/{noteId}	80
booking-service	AdminSupportController	DELETE	/api/v1/bookings/admin/support/notes/{noteId}	90
booking-service	AdminSupportController	POST	/api/v1/bookings/admin/support/notes/{noteId}/pin	99
booking-service	AdminSupportController	POST	/api/v1/bookings/admin/support/{bookingRef}/resend-confirmation	112
booking-service	AdminSupportController	POST	/api/v1/bookings/admin/support/{bookingRef}/escalate	122
booking-service	AdminSupportController	POST	/api/v1/bookings/admin/support/{bookingRef}/goodwill	136
booking-service	AdminTaxController	GET	/api/v1/bookings/admin/taxes	48
booking-service	AdminTaxController	POST	/api/v1/bookings/admin/taxes	59
booking-service	AdminTaxController	PUT	/api/v1/bookings/admin/taxes/{id}	71
booking-service	AdminTaxController	DELETE	/api/v1/bookings/admin/taxes/{id}	84
booking-service	AdminTaxController	GET	/api/v1/bookings/admin/taxes/global	98
booking-service	AdminTaxController	POST	/api/v1/bookings/admin/taxes/global	107
booking-service	BingeController	GET	/api/v1/bookings/binges	36
booking-service	BingeController	GET	/api/v1/bookings/binges/nearby	52
booking-service	BingeController	GET	/api/v1/bookings/binges/{id}	63
booking-service	BingeController	GET	/api/v1/bookings/binges/{id}/customer-dashboard	68
booking-service	BingeController	GET	/api/v1/bookings/binges/{id}/customer-about	73
booking-service	BingeController	GET	/api/v1/bookings/binges/{id}/reviews/summary	79
booking-service	BingeController	GET	/api/v1/bookings/binges/{id}/reviews	85
booking-service	BingeController	GET	/api/v1/bookings/admin/binges	95
booking-service	BingeController	GET	/api/v1/bookings/admin/binges/by-admin/{adminId}	103
booking-service	BingeController	POST	/api/v1/bookings/admin/binges	115
booking-service	BingeController	GET	/api/v1/bookings/admin/binges/pending	130
booking-service	BingeController	POST	/api/v1/bookings/admin/binges/{id}/approve	141
booking-service	BingeController	PATCH	/api/v1/bookings/admin/binges/{id}/taxes-enabled	163
booking-service	BingeController	POST	/api/v1/bookings/admin/binges/{id}/reject	176
booking-service	BingeController	POST	/api/v1/bookings/admin/binges/{id}/resubmit	194
booking-service	BingeController	PUT	/api/v1/bookings/admin/binges/{id}	204
booking-service	BingeController	POST	/api/v1/bookings/admin/binges/{id}/country-request	223
booking-service	BingeController	GET	/api/v1/bookings/admin/binges/change-requests	244
booking-service	BingeController	POST	/api/v1/bookings/admin/binges/change-requests/{requestId}/approve	253
booking-service	BingeController	POST	/api/v1/bookings/admin/binges/change-requests/{requestId}/reject	265
booking-service	BingeController	POST	/api/v1/bookings/admin/binges/change-requests/{requestId}/cancel	277
booking-service	BingeController	POST	/api/v1/bookings/admin/binges/bulk-timezone	291
booking-service	BingeController	GET	/api/v1/bookings/admin/binges/{id}/customer-dashboard	308
booking-service	BingeController	GET	/api/v1/bookings/admin/binges/{id}/customer-about	316
booking-service	BingeController	PUT	/api/v1/bookings/admin/binges/{id}/customer-dashboard	324
booking-service	BingeController	PUT	/api/v1/bookings/admin/binges/{id}/customer-about	335
booking-service	BingeController	PATCH	/api/v1/bookings/admin/binges/{id}/toggle-active	347
booking-service	BingeController	DELETE	/api/v1/bookings/admin/binges/{id}	357
booking-service	BingeController	GET	/api/v1/bookings/admin/binges/{id}/cancellation-tiers	367
booking-service	BingeController	PUT	/api/v1/bookings/admin/binges/{id}/cancellation-tiers	376
booking-service	BingeController	GET	/api/v1/bookings/binges/{id}/cancellation-tiers	388
booking-service	BingeController	GET	/api/v1/bookings/admin/binges/{id}/cancellation-policy	395
booking-service	BingeController	PUT	/api/v1/bookings/admin/binges/{id}/cancellation-policy	404
booking-service	BingeSiteContentController	GET	/api/v1/bookings/binges/{bingeId}/site-content/{slug}	44
booking-service	BingeSiteContentController	PUT	/api/v1/bookings/admin/binges/{bingeId}/site-content/{slug}	64
booking-service	BookingAnalyticsController	POST	/api/v1/bookings/analytics/funnel	36
booking-service	BookingController	POST	/api/v1/bookings	39
booking-service	BookingController	GET	/api/v1/bookings/{bookingRef}	58
booking-service	BookingController	GET	/api/v1/bookings/my	77
booking-service	BookingController	GET	/api/v1/bookings/my/current	83
booking-service	BookingController	GET	/api/v1/bookings/my/past	90
booking-service	BookingController	GET	/api/v1/bookings/my/reviews/pending	97
booking-service	BookingController	GET	/api/v1/bookings/event-types	104
booking-service	BookingController	GET	/api/v1/bookings/add-ons	109
booking-service	BookingController	GET	/api/v1/bookings/event-categories	115
booking-service	BookingController	GET	/api/v1/bookings/addon-categories	121
booking-service	BookingController	GET	/api/v1/bookings/booked-slots	126
booking-service	BookingController	GET	/api/v1/bookings/slot-capacity	132
booking-service	BookingController	POST	/api/v1/bookings/{bookingRef}/cancel	140
booking-service	BookingController	POST	/api/v1/bookings/{bookingRef}/reschedule	152
booking-service	BookingController	POST	/api/v1/bookings/{bookingRef}/transfer	168
booking-service	BookingController	POST	/api/v1/bookings/recurring	181
booking-service	BookingController	GET	/api/v1/bookings/recurring/{groupId}	198
booking-service	BookingController	GET	/api/v1/bookings/{bookingRef}/reviews/customer	205
booking-service	BookingController	POST	/api/v1/bookings/{bookingRef}/reviews/customer	212
booking-service	BookingController	POST	/api/v1/bookings/admin/{bookingRef}/reviews	220
booking-service	BookingController	GET	/api/v1/bookings/admin/{bookingRef}/reviews	230
booking-service	BookingController	GET	/api/v1/bookings/my-pricing	239
booking-service	BookingController	GET	/api/v1/bookings/venue-rooms	247
booking-service	BookingController	GET	/api/v1/bookings/venue-rooms/available	252
booking-service	BookingController	GET	/api/v1/bookings/venue-rooms/{roomId}/reviews/summary	261
booking-service	BookingController	GET	/api/v1/bookings/venue-rooms/{roomId}/reviews	266
booking-service	BookingController	GET	/api/v1/bookings/surge-rules	278
booking-service	BookingController	GET	/api/v1/bookings/surge/quote	291
booking-service	BookingController	GET	/api/v1/bookings/{bookingRef}/timeline	327
booking-service	BookingTransferController	POST	/api/v1/bookings/{bookingRef}/transfers	45
booking-service	BookingTransferController	GET	/api/v1/bookings/{bookingRef}/transfers	62
booking-service	BookingTransferController	POST	/api/v1/bookings/{bookingRef}/transfers/{transferId}/revoke	72
booking-service	BookingTransferController	GET	/api/v1/booking-transfers/by-token/{token}	94
booking-service	BookingTransferController	POST	/api/v1/booking-transfers/by-token/{token}/accept	112
booking-service	BookingTransferController	POST	/api/v1/booking-transfers/by-token/{token}/decline	134
booking-service	CheckInController	POST	/api/v1/bookings/admin/{bookingRef}/check-in/qr/issue	57
booking-service	CheckInController	POST	/api/v1/bookings/admin/{bookingRef}/check-in/otp/issue	76
booking-service	CheckInController	POST	/api/v1/bookings/admin/check-in/verify	110
booking-service	CheckoutController	POST	/api/v1/bookings/checkout/preview	30
booking-service	CheckoutController	POST	/api/v1/bookings/checkout/lock-fx	39
booking-service	CustomerFreezeController	GET	/api/v1/bookings/freezes/me	38
booking-service	CustomerFreezeController	GET	/api/v1/bookings/freezes/me/binge/{bingeId}	45
booking-service	CustomerFreezeController	GET	/api/v1/bookings/admin/freezes	54
booking-service	CustomerFreezeController	POST	/api/v1/bookings/admin/freezes	64
booking-service	CustomerFreezeController	DELETE	/api/v1/bookings/admin/freezes/{id}	74
booking-service	ExportController	GET	/api/v1/bookings/admin/export/csv	65
booking-service	InternalBookingController	GET	/api/v1/bookings/internal/binges/{id}	40
booking-service	InternalBookingController	GET	/api/v1/bookings/internal/amount/{bookingRef}	69
booking-service	InvoiceController	GET	/api/v1/bookings/{ref}/invoice	40
booking-service	InvoiceController	GET	/api/v1/bookings/admin/invoices	74
booking-service	InvoiceController	POST	/api/v1/bookings/admin/{ref}/invoice/resend	86
booking-service	MediaController	POST	/api/v1/bookings/admin/media/upload	62
booking-service	MediaController	GET	/api/v1/bookings/media/{filename:.+}	128
booking-service	MessageAttachmentController	POST	/api/v1/bookings/notifications/attachment	52
booking-service	MyNotificationController	GET	/api/v1/bookings/notifications	39
booking-service	MyNotificationController	GET	/api/v1/bookings/notifications/unread-count	50
booking-service	MyNotificationController	GET	/api/v1/bookings/notifications/sent	58
booking-service	MyNotificationController	GET	/api/v1/bookings/notifications/thread/{threadId}	67
booking-service	MyNotificationController	POST	/api/v1/bookings/notifications/{id}/read	75
booking-service	MyNotificationController	POST	/api/v1/bookings/notifications/read-all	83
booking-service	MyNotificationController	POST	/api/v1/bookings/notifications/{id}/reply	91
booking-service	MyNotificationController	POST	/api/v1/bookings/notifications/contact-support	115
booking-service	MyNotificationController	DELETE	/api/v1/bookings/notifications/{id}	146
booking-service	PublicCurrencyController	GET	/api/v1/bookings/currencies	24
booking-service	PublicTaxController	GET	/api/v1/bookings/taxes/preview	26
booking-service	SlotHoldController	POST	/api/v1/bookings/slot-holds	38
booking-service	SlotHoldController	GET	/api/v1/bookings/slot-holds/{token}	55
booking-service	SlotHoldController	DELETE	/api/v1/bookings/slot-holds/{token}	64
booking-service	SlotHoldController	GET	/api/v1/bookings/slot-holds/my	75
booking-service	SlotHoldController	GET	/api/v1/bookings/slot-holds/admin	83
booking-service	SlotHoldController	DELETE	/api/v1/bookings/slot-holds/admin/{token}	91
booking-service	WaitlistController	POST	/api/v1/bookings/waitlist	35
booking-service	WaitlistController	DELETE	/api/v1/bookings/waitlist/{entryId}	52
booking-service	WaitlistController	GET	/api/v1/bookings/waitlist/my	60
booking-service	WaitlistController	GET	/api/v1/bookings/waitlist/admin	68
booking-service	WaitlistController	GET	/api/v1/bookings/waitlist/admin/count	77
booking-service	WaitlistController	DELETE	/api/v1/bookings/waitlist/admin/{entryId}	86
booking-service	WaitlistController	POST	/api/v1/bookings/waitlist/admin/{entryId}/offer	95
booking-service	WaitlistController	PATCH	/api/v1/bookings/waitlist/admin/{entryId}/priority	109
booking-service	LoyaltyV2AdminController	POST	/api/v2/loyalty/admin/enrollments	76
booking-service	LoyaltyV2AdminController	GET	/api/v2/loyalty/admin/bindings/{bingeId}	99
booking-service	LoyaltyV2AdminController	POST	/api/v2/loyalty/admin/bindings/{bingeId}/enable	113
booking-service	LoyaltyV2AdminController	POST	/api/v2/loyalty/admin/bindings/{bindingId}/disable	125
booking-service	LoyaltyV2AdminController	GET	/api/v2/loyalty/admin/goodwill/{bingeId}/budget	141
booking-service	LoyaltyV2AdminController	POST	/api/v2/loyalty/admin/goodwill/{bingeId}	162
booking-service	LoyaltyV2AdminController	GET	/api/v2/loyalty/admin/bindings/{bindingId}/earn-rules	176
booking-service	LoyaltyV2AdminController	POST	/api/v2/loyalty/admin/bindings/{bindingId}/earn-rules	189
booking-service	LoyaltyV2AdminController	GET	/api/v2/loyalty/admin/bindings/{bindingId}/redeem-rule	204
booking-service	LoyaltyV2AdminController	POST	/api/v2/loyalty/admin/bindings/{bindingId}/redeem-rule	219
booking-service	LoyaltyV2AdminController	POST	/api/v2/loyalty/admin/bindings/{bindingId}/perks	236
booking-service	LoyaltyV2AdminController	GET	/api/v2/loyalty/admin/status-match/pending	252
booking-service	LoyaltyV2AdminController	POST	/api/v2/loyalty/admin/status-match/{requestId}/approve	261
booking-service	LoyaltyV2AdminController	POST	/api/v2/loyalty/admin/status-match/{requestId}/reject	272
booking-service	LoyaltyV2CustomerController	GET	/api/v2/loyalty/me	60
booking-service	LoyaltyV2CustomerController	GET	/api/v2/loyalty/me/ledger	110
booking-service	LoyaltyV2CustomerController	GET	/api/v2/loyalty/me/redeem-quote	131
booking-service	LoyaltyV2CustomerController	GET	/api/v2/loyalty/me/earn-quote	152
booking-service	LoyaltyV2CustomerController	GET	/api/v2/loyalty/me/status-match	185
booking-service	LoyaltyV2CustomerController	POST	/api/v2/loyalty/me/status-match	195
booking-service	LoyaltyV2SuperAdminController	ANY	/api/v2/loyalty/super-admin	47
booking-service	LoyaltyV2SuperAdminController	GET	/program	67
booking-service	LoyaltyV2SuperAdminController	PUT	/program	72
booking-service	LoyaltyV2SuperAdminController	GET	/tiers	83
booking-service	LoyaltyV2SuperAdminController	POST	/tiers	90
booking-service	LoyaltyV2SuperAdminController	DELETE	/tiers/{tierId}	100
booking-service	LoyaltyV2SuperAdminController	GET	/perks	108
booking-service	LoyaltyV2SuperAdminController	POST	/perks	115
booking-service	LoyaltyV2SuperAdminController	POST	/tier-perks	124
booking-service	LoyaltyV2SuperAdminController	DELETE	/tier-perks/{tierPerkId}	130
booking-service	LoyaltyV2SuperAdminController	GET	/bindings	139
booking-service	LoyaltyV2SuperAdminController	POST	/bindings/bulk	148
booking-service	LoyaltyV2SuperAdminController	GET	/country-configs	165
booking-service	LoyaltyV2SuperAdminController	POST	/country-configs	171
booking-service	LoyaltyV2SuperAdminController	DELETE	/country-configs/{countryIso2}	200
booking-service	LoyaltyV2SuperAdminController	POST	/bindings/{bindingId}/goodwill-settings	212
booking-service	LoyaltyV2SuperAdminController	GET	/customers/{customerId}	236
booking-service	LoyaltyV2SuperAdminController	POST	/customers/{customerId}/adjust	248
booking-service	LoyaltyV2SuperAdminController	GET	/customers/{customerId}/ledger	269
booking-service	LoyaltyV2SuperAdminController	GET	/tier-perks	293
booking-service	BingeAccessController	GET	/api/v1/bookings/admin/my-permissions	47
booking-service	BingeAccessController	GET	/api/v1/bookings/admin/binges/{id}/about	62
booking-service	BingeAccessController	GET	/api/v1/bookings/admin/binges/{id}/access	120
booking-service	BingeAccessController	PUT	/api/v1/bookings/admin/binges/{id}/access/{moduleKey}	142
booking-service	BingeAccessController	PATCH	/api/v1/bookings/admin/binges/{id}/access-remarks	171
notification-service	DeliveryWebhookController	POST	/api/v1/notifications/webhooks/delivery	58
notification-service	NotificationController	GET	/api/v1/notifications/my	21
notification-service	NotificationController	GET	/api/v1/notifications/booking/{bookingRef}	28
notification-service	NotificationController	POST	/api/v1/notifications/admin/retry-failed	42
notification-service	NotificationController	POST	/api/v1/notifications/admin/{id}/retry	59
notification-service	NotificationPreferenceController	GET	/api/v1/notifications/preferences	17
notification-service	NotificationPreferenceController	PUT	/api/v1/notifications/preferences	25
notification-service	PushSubscriptionController	GET	/api/v1/notifications/push/public-key	27
notification-service	PushSubscriptionController	POST	/api/v1/notifications/push/subscribe	35
notification-service	PushSubscriptionController	POST	/api/v1/notifications/push/unsubscribe	44
notification-service	PushSubscriptionController	POST	/api/v1/notifications/push/test	51
notification-service	TemplateController	GET	/api/v1/notifications/admin/templates	28
notification-service	TemplateController	POST	/api/v1/notifications/admin/templates	37
notification-service	TemplateController	POST	/api/v1/notifications/admin/templates/activate	45
notification-service	WhatsAppTemplateController	GET	/api/v1/notifications/admin/whatsapp-templates	25
notification-service	WhatsAppTemplateController	GET	/api/v1/notifications/admin/whatsapp-templates/{id}	37
notification-service	WhatsAppTemplateController	POST	/api/v1/notifications/admin/whatsapp-templates	44
notification-service	WhatsAppTemplateController	PUT	/api/v1/notifications/admin/whatsapp-templates/{id}	54
notification-service	WhatsAppTemplateController	DELETE	/api/v1/notifications/admin/whatsapp-templates/{id}	71
payment-service	AdminApprovalController	GET	/api/v1/payments/admin/approvals	40
payment-service	AdminApprovalController	GET	/api/v1/payments/admin/approvals/{id}	63
payment-service	AdminApprovalController	POST	/api/v1/payments/admin/approvals/{id}/approve	71
payment-service	AdminApprovalController	POST	/api/v1/payments/admin/approvals/{id}/reject	84
payment-service	AdminApprovalController	POST	/api/v1/payments/admin/approvals/{id}/cancel	97
payment-service	AdminApprovalController	POST	/api/v1/payments/admin/approvals/{id}/execute-refund-retry	117
payment-service	PaymentController	POST	/api/v1/payments/initiate	65
payment-service	PaymentController	POST	/api/v1/payments/callback	80
payment-service	PaymentController	POST	/api/v1/payments/admin/simulate/{transactionId}	87
payment-service	PaymentController	GET	/api/v1/payments/transaction/{transactionId}	99
payment-service	PaymentController	GET	/api/v1/payments/booking/{bookingRef}	108
payment-service	PaymentController	GET	/api/v1/payments/my	117
payment-service	PaymentController	POST	/api/v1/payments/admin/refund	128
payment-service	PaymentController	GET	/api/v1/payments/admin/refunds/{paymentId}	145
payment-service	PaymentController	GET	/api/v1/payments/booking/{bookingRef}/refunds	157
payment-service	PaymentController	GET	/api/v1/payments/admin/refunds/failed	169
payment-service	PaymentController	POST	/api/v1/payments/admin/refunds/{refundId}/retry	190
payment-service	PaymentController	POST	/api/v1/payments/cancel/{transactionId}	213
payment-service	PaymentController	GET	/api/v1/payments/admin/stats	228
payment-service	PaymentController	GET	/api/v1/payments/admin/disputes	243
payment-service	PaymentController	GET	/api/v1/payments/admin/disputes/all	261
payment-service	PaymentController	GET	/api/v1/payments/admin/disputes/count	279
payment-service	PaymentController	PATCH	/api/v1/payments/admin/disputes/{disputeId}/notes	299
payment-service	PaymentController	POST	/api/v1/payments/webhooks/razorpay	333
payment-service	PaymentController	POST	/api/v1/payments/admin/record-cash	361
payment-service	PaymentController	POST	/api/v1/payments/admin/add-payment	382
