service	controller	annotation	path
api-gateway	CsrfTokenController	GET	/api/v1/csrf
auth-service	AuthController	POST	/api/v1/auth/google
auth-service	AuthController	POST	/api/v1/auth/register
auth-service	AuthController	POST	/api/v1/auth/login
auth-service	AuthController	POST	/api/v1/auth/admin/login
auth-service	AuthController	POST	/api/v1/auth/refresh
auth-service	AuthController	POST	/api/v1/auth/logout
auth-service	AuthController	POST	/api/v1/auth/forgot-password
auth-service	AuthController	POST	/api/v1/auth/reset-password
auth-service	AuthController	POST	/api/v1/auth/verify-otp
auth-service	AuthController	GET	/api/v1/auth/profile
auth-service	AuthController	PUT	/api/v1/auth/change-password
auth-service	AuthController	PUT	/api/v1/auth/profile
auth-service	AuthController	PUT	/api/v1/auth/change-email
auth-service	AuthController	POST	/api/v1/auth/change-email/request
auth-service	AuthController	POST	/api/v1/auth/change-email/confirm
auth-service	AuthController	PUT	/api/v1/auth/change-phone
auth-service	AuthController	PUT	/api/v1/auth/profile/preferences
auth-service	AuthController	GET	/api/v1/auth/support-contact
auth-service	AuthController	PUT	/api/v1/auth/complete-profile
auth-service	AuthController	GET	/api/v1/auth/admin/search-customers
auth-service	AuthController	GET	/api/v1/auth/admin/search-staff
auth-service	AuthController	GET	/api/v1/auth/admin/customers
auth-service	AuthController	GET	/api/v1/auth/admin/customer/{id}
auth-service	AuthController	PUT	/api/v1/auth/admin/customer/{id}
auth-service	AuthController	POST	/api/v1/auth/admin/create-customer
auth-service	AuthController	POST	/api/v1/auth/admin/customer/{id}/temp-password
auth-service	AuthController	POST	/api/v1/auth/admin/register
auth-service	AuthController	GET	/api/v1/auth/admin/admins
auth-service	AuthController	PUT	/api/v1/auth/admin/admins/{id}
auth-service	AuthController	DELETE	/api/v1/auth/admin/user/{id}
auth-service	AuthController	POST	/api/v1/auth/admin/bulk-ban
auth-service	AuthController	POST	/api/v1/auth/admin/bulk-unban
auth-service	AuthController	POST	/api/v1/auth/admin/bulk-delete
auth-service	AuthController	POST	/api/v1/auth/mfa/enroll
auth-service	AuthController	POST	/api/v1/auth/mfa/confirm
auth-service	AuthController	POST	/api/v1/auth/mfa/disable
auth-service	AuthController	POST	/api/v1/auth/verify-email
auth-service	AuthController	POST	/api/v1/auth/resend-verification
auth-service	AuthController	GET	/api/v1/auth/sessions
auth-service	AuthController	DELETE	/api/v1/auth/sessions/{id}
auth-service	AuthController	POST	/api/v1/auth/sessions/revoke-others
auth-service	AuthController	GET	/api/v1/auth/admin/sessions
auth-service	AuthController	DELETE	/api/v1/auth/admin/sessions/{id}
auth-service	AuthController	DELETE	/api/v1/auth/admin/users/{userId}/sessions
auth-service	AuthController	GET	/api/v1/auth/admin/audit-log
auth-service	AuthController	POST	/api/v1/auth/admin/admins/{id}/promote
auth-service	AuthController	POST	/api/v1/auth/admin/admins/{id}/demote
auth-service	AuthController	GET	/api/v1/auth/admin/super-admin/stats
auth-service	AuthorityController	GET	/api/v1/auth/authority/me
auth-service	AuthorityController	POST	/api/v1/auth/authority/grants
auth-service	AuthorityController	DELETE	/api/v1/auth/authority/grants/{id}
auth-service	AuthorityController	GET	/api/v1/auth/authority/grants
auth-service	AuthorityController	GET	/api/v1/auth/authority/grants/by-user/{userId}
auth-service	AuthorityController	POST	/api/v1/auth/authority/locks
auth-service	AuthorityController	DELETE	/api/v1/auth/authority/locks/{id}
auth-service	AuthorityController	GET	/api/v1/auth/authority/locks/lookup
auth-service	AuthorityController	GET	/api/v1/auth/authority/internal/locks/lookup
auth-service	AuthorityController	GET	/api/v1/auth/authority/locks
auth-service	InternalUserController	GET	/api/v1/auth/internal/users/{id}/contact
auth-service	SiteContentController	GET	/api/v1/site-content/public/{slug}
auth-service	SiteContentController	PUT	/api/v1/site-content/admin/{slug}
auth-service	UserPrivacyController	DELETE	/api/v1/auth/privacy/me
auth-service	UserPrivacyController	POST	/api/v1/auth/privacy/admin/anonymize/{userId}
availability-service	AvailabilityController	GET	/api/v1/availability/dates
availability-service	AvailabilityController	GET	/api/v1/availability/slots
availability-service	AvailabilityController	GET	/api/v1/availability/internal/check
availability-service	AvailabilityController	GET	/api/v1/availability/admin/blocked-dates
availability-service	AvailabilityController	GET	/api/v1/availability/admin/blocked-slots
availability-service	AvailabilityController	POST	/api/v1/availability/admin/block-date
availability-service	AvailabilityController	DELETE	/api/v1/availability/admin/unblock-date
availability-service	AvailabilityController	DELETE	/api/v1/availability/admin/blocked-dates/{id}
availability-service	AvailabilityController	DELETE	/api/v1/availability/admin/blocked-slots/{id}
availability-service	AvailabilityController	POST	/api/v1/availability/admin/block-slot
availability-service	AvailabilityController	DELETE	/api/v1/availability/admin/unblock-slot
booking-service	AdminBookingController	GET	/api/v1/bookings/admin
booking-service	AdminBookingController	GET	/api/v1/bookings/admin/today
booking-service	AdminBookingController	GET	/api/v1/bookings/admin/upcoming
booking-service	AdminBookingController	GET	/api/v1/bookings/admin/by-date
booking-service	AdminBookingController	GET	/api/v1/bookings/admin/by-status
booking-service	AdminBookingController	GET	/api/v1/bookings/admin/search
booking-service	AdminBookingController	PATCH	/api/v1/bookings/admin/{bookingRef}
booking-service	AdminBookingController	POST	/api/v1/bookings/admin/{bookingRef}/cancel
booking-service	AdminBookingController	POST	/api/v1/bookings/admin/{bookingRef}/confirm
booking-service	AdminBookingController	POST	/api/v1/bookings/admin/{bookingRef}/check-in
booking-service	AdminBookingController	GET	/api/v1/bookings/admin/{bookingRef}/available-rooms
booking-service	AdminBookingController	PATCH	/api/v1/bookings/admin/{bookingRef}/room
booking-service	AdminBookingController	POST	/api/v1/bookings/admin/{bookingRef}/checkout
booking-service	AdminBookingController	POST	/api/v1/bookings/admin/{bookingRef}/undo-check-in
booking-service	AdminBookingController	GET	/api/v1/bookings/admin/dashboard-stats
booking-service	AdminBookingController	GET	/api/v1/bookings/admin/operational-date
booking-service	AdminBookingController	POST	/api/v1/bookings/admin/operational-date/advance
booking-service	AdminBookingController	POST	/api/v1/bookings/admin/operational-date/set
booking-service	AdminBookingController	GET	/api/v1/bookings/admin/event-types
booking-service	AdminBookingController	POST	/api/v1/bookings/admin/event-types
booking-service	AdminBookingController	PUT	/api/v1/bookings/admin/event-types/{id}
booking-service	AdminBookingController	PATCH	/api/v1/bookings/admin/event-types/{id}/toggle-active
booking-service	AdminBookingController	DELETE	/api/v1/bookings/admin/event-types/{id}
booking-service	AdminBookingController	GET	/api/v1/bookings/admin/add-ons
booking-service	AdminBookingController	POST	/api/v1/bookings/admin/add-ons
booking-service	AdminBookingController	PUT	/api/v1/bookings/admin/add-ons/{id}
booking-service	AdminBookingController	PATCH	/api/v1/bookings/admin/add-ons/{id}/toggle-active
booking-service	AdminBookingController	DELETE	/api/v1/bookings/admin/add-ons/{id}
booking-service	AdminBookingController	GET	/api/v1/bookings/admin/event-categories
booking-service	AdminBookingController	POST	/api/v1/bookings/admin/event-categories
booking-service	AdminBookingController	PUT	/api/v1/bookings/admin/event-categories/{id}
booking-service	AdminBookingController	PATCH	/api/v1/bookings/admin/event-categories/{id}/toggle-active
booking-service	AdminBookingController	DELETE	/api/v1/bookings/admin/event-categories/{id}
booking-service	AdminBookingController	GET	/api/v1/bookings/admin/event-categories/global
booking-service	AdminBookingController	POST	/api/v1/bookings/admin/event-categories/global
booking-service	AdminBookingController	PUT	/api/v1/bookings/admin/event-categories/global/{id}
booking-service	AdminBookingController	PATCH	/api/v1/bookings/admin/event-categories/global/{id}/toggle-active
booking-service	AdminBookingController	DELETE	/api/v1/bookings/admin/event-categories/global/{id}
booking-service	AdminBookingController	GET	/api/v1/bookings/admin/addon-categories
booking-service	AdminBookingController	POST	/api/v1/bookings/admin/addon-categories
booking-service	AdminBookingController	PUT	/api/v1/bookings/admin/addon-categories/{id}
booking-service	AdminBookingController	PATCH	/api/v1/bookings/admin/addon-categories/{id}/toggle-active
booking-service	AdminBookingController	DELETE	/api/v1/bookings/admin/addon-categories/{id}
booking-service	AdminBookingController	GET	/api/v1/bookings/admin/addon-categories/global
booking-service	AdminBookingController	POST	/api/v1/bookings/admin/addon-categories/global
booking-service	AdminBookingController	PUT	/api/v1/bookings/admin/addon-categories/global/{id}
booking-service	AdminBookingController	PATCH	/api/v1/bookings/admin/addon-categories/global/{id}/toggle-active
booking-service	AdminBookingController	DELETE	/api/v1/bookings/admin/addon-categories/global/{id}
booking-service	AdminBookingController	GET	/api/v1/bookings/admin/reports
booking-service	AdminBookingController	GET	/api/v1/bookings/admin/reports/date-range
booking-service	AdminBookingController	POST	/api/v1/bookings/admin/audit
booking-service	AdminBookingController	GET	/api/v1/bookings/admin/house-accounts
booking-service	AdminBookingController	POST	/api/v1/bookings/admin/create-booking
booking-service	AdminBookingController	GET	/api/v1/bookings/admin/customer-booking-count/{customerId}
booking-service	AdminBookingController	GET	/api/v1/bookings/admin/customers/{customerId}/review-summary
booking-service	AdminBookingController	GET	/api/v1/bookings/admin/customers/{customerId}/reviews
booking-service	AdminBookingController	GET	/api/v1/bookings/admin/booked-slots
booking-service	AdminBookingController	GET	/api/v1/bookings/admin/{bookingRef}/events
booking-service	AdminBookingController	POST	/api/v1/bookings/admin/{bookingRef}/replay
booking-service	AdminBookingController	POST	/api/v1/bookings/admin/replay-all
booking-service	AdminBookingController	POST	/api/v1/bookings/admin/{bookingRef}/override-status
booking-service	AdminBookingController	GET	/api/v1/bookings/admin/sagas/failed
booking-service	AdminBookingController	GET	/api/v1/bookings/admin/sagas/compensating
booking-service	AdminBookingController	GET	/api/v1/bookings/admin/venue-rooms
booking-service	AdminBookingController	POST	/api/v1/bookings/admin/venue-rooms
booking-service	AdminBookingController	PUT	/api/v1/bookings/admin/venue-rooms/{id}
booking-service	AdminBookingController	PATCH	/api/v1/bookings/admin/venue-rooms/{id}/toggle-active
booking-service	AdminBookingController	DELETE	/api/v1/bookings/admin/venue-rooms/{id}
booking-service	AdminBookingController	POST	/api/v1/bookings/admin/venue-rooms/{id}/approve
booking-service	AdminBookingController	POST	/api/v1/bookings/admin/venue-rooms/{id}/reject
booking-service	AdminBookingController	GET	/api/v1/bookings/admin/venue-rooms/blocks
booking-service	AdminBookingController	GET	/api/v1/bookings/admin/venue-rooms/{roomId}/blocks
booking-service	AdminBookingController	POST	/api/v1/bookings/admin/venue-rooms/{roomId}/blocks
booking-service	AdminBookingController	DELETE	/api/v1/bookings/admin/venue-rooms/blocks/{blockId}
booking-service	AdminBookingController	GET	/api/v1/bookings/admin/pricing/surge-rules
booking-service	AdminBookingController	POST	/api/v1/bookings/admin/pricing/surge-rules
booking-service	AdminBookingController	PUT	/api/v1/bookings/admin/pricing/surge-rules/{id}
booking-service	AdminBookingController	PATCH	/api/v1/bookings/admin/pricing/surge-rules/{id}/toggle-active
booking-service	AdminBookingController	DELETE	/api/v1/bookings/admin/pricing/surge-rules/{id}
booking-service	AdminCurrencyController	GET	/api/v1/bookings/admin/currencies
booking-service	AdminCurrencyController	POST	/api/v1/bookings/admin/currencies/refresh
booking-service	AdminCurrencyController	POST	/api/v1/bookings/admin/currencies
booking-service	AdminCurrencyController	POST	/api/v1/bookings/admin/currencies/{code}/toggle
booking-service	AdminCurrencyController	DELETE	/api/v1/bookings/admin/currencies/{code}
booking-service	AdminNotificationController	GET	/api/v1/bookings/admin/notifications
booking-service	AdminNotificationController	GET	/api/v1/bookings/admin/notifications/unread-count
booking-service	AdminNotificationController	POST	/api/v1/bookings/admin/notifications/{id}/read
booking-service	AdminNotificationController	POST	/api/v1/bookings/admin/notifications/read-all
booking-service	AdminNotificationController	GET	/api/v1/bookings/admin/notifications/sent
booking-service	AdminNotificationController	GET	/api/v1/bookings/admin/notifications/thread/{threadId}
booking-service	AdminNotificationController	POST	/api/v1/bookings/admin/notifications/send
booking-service	AdminNotificationController	POST	/api/v1/bookings/admin/notifications/send-bulk
booking-service	AdminNotificationController	POST	/api/v1/bookings/admin/notifications/{id}/reply
booking-service	AdminNotificationController	DELETE	/api/v1/bookings/admin/notifications/{id}
booking-service	AdminNotificationController	POST	/api/v1/bookings/admin/notifications/clear-read
booking-service	AdminOpsController	POST	/api/v1/bookings/admin/ops/replay-dlt
booking-service	AdminOpsController	POST	/api/v1/bookings/admin/ops/outbox/retry-failed
booking-service	AdminOpsController	GET	/api/v1/bookings/admin/ops/health
booking-service	AdminPricingController	GET	/api/v1/bookings/admin/pricing/rate-codes
booking-service	AdminPricingController	GET	/api/v1/bookings/admin/pricing/rate-codes/active
booking-service	AdminPricingController	GET	/api/v1/bookings/admin/pricing/rate-codes/{id}
booking-service	AdminPricingController	POST	/api/v1/bookings/admin/pricing/rate-codes
booking-service	AdminPricingController	PUT	/api/v1/bookings/admin/pricing/rate-codes/{id}
booking-service	AdminPricingController	PATCH	/api/v1/bookings/admin/pricing/rate-codes/{id}/toggle-active
booking-service	AdminPricingController	DELETE	/api/v1/bookings/admin/pricing/rate-codes/{id}
booking-service	AdminPricingController	GET	/api/v1/bookings/admin/pricing/customer/{customerId}
booking-service	AdminPricingController	POST	/api/v1/bookings/admin/pricing/customer
booking-service	AdminPricingController	DELETE	/api/v1/bookings/admin/pricing/customer/{customerId}
booking-service	AdminPricingController	POST	/api/v1/bookings/admin/pricing/bulk-assign-rate-code
booking-service	AdminPricingController	PATCH	/api/v1/bookings/admin/pricing/customer/{customerId}/member-label
booking-service	AdminPricingController	GET	/api/v1/bookings/admin/pricing/resolve/{customerId}
booking-service	AdminPricingController	GET	/api/v1/bookings/admin/pricing/resolve-rate-code/{rateCodeId}
booking-service	AdminPricingController	GET	/api/v1/bookings/admin/pricing/customer-detail/{customerId}
booking-service	AdminRecoveryQueueController	GET	/api/v1/bookings/admin/recovery/stuck-pending
booking-service	AdminRecoveryQueueController	GET	/api/v1/bookings/admin/recovery/expired-holds
booking-service	AdminRecoveryQueueController	GET	/api/v1/bookings/admin/recovery/paid-not-confirmed
booking-service	AdminRecoveryQueueController	GET	/api/v1/bookings/admin/recovery/no-show
booking-service	AdminRecoveryQueueController	GET	/api/v1/bookings/admin/recovery/summary
booking-service	AdminRecoveryQueueController	POST	/api/v1/bookings/admin/recovery/expired-holds/{token}/release
booking-service	AdminRecoveryQueueController	POST	/api/v1/bookings/admin/recovery/stuck-pending/{bookingRef}/cancel
booking-service	AdminRecoveryQueueController	POST	/api/v1/bookings/admin/recovery/paid-not-confirmed/{bookingRef}/replay
booking-service	AdminRecoveryQueueController	GET	/api/v1/bookings/admin/recovery/funnel
booking-service	AdminRiskFlagController	GET	/api/v1/bookings/admin/risk-flags
booking-service	AdminRiskFlagController	GET	/api/v1/bookings/admin/risk-flags/booking/{bookingRef}
booking-service	AdminRiskFlagController	POST	/api/v1/bookings/admin/risk-flags/{id}/acknowledge
booking-service	AdminRiskFlagController	POST	/api/v1/bookings/admin/risk-flags/booking/{bookingRef}/manual
booking-service	AdminSseController	GET	/api/v1/bookings/admin/events/stream
booking-service	AdminSupportController	GET	/api/v1/bookings/admin/support/escalations
booking-service	AdminSupportController	GET	/api/v1/bookings/admin/support/{bookingRef}
booking-service	AdminSupportController	GET	/api/v1/bookings/admin/support/{bookingRef}/notes
booking-service	AdminSupportController	POST	/api/v1/bookings/admin/support/{bookingRef}/notes
booking-service	AdminSupportController	PATCH	/api/v1/bookings/admin/support/notes/{noteId}
booking-service	AdminSupportController	DELETE	/api/v1/bookings/admin/support/notes/{noteId}
booking-service	AdminSupportController	POST	/api/v1/bookings/admin/support/notes/{noteId}/pin
booking-service	AdminSupportController	POST	/api/v1/bookings/admin/support/{bookingRef}/resend-confirmation
booking-service	AdminSupportController	POST	/api/v1/bookings/admin/support/{bookingRef}/escalate
booking-service	AdminSupportController	POST	/api/v1/bookings/admin/support/{bookingRef}/goodwill
booking-service	AdminTaxController	GET	/api/v1/bookings/admin/taxes
booking-service	AdminTaxController	POST	/api/v1/bookings/admin/taxes
booking-service	AdminTaxController	PUT	/api/v1/bookings/admin/taxes/{id}
booking-service	AdminTaxController	DELETE	/api/v1/bookings/admin/taxes/{id}
booking-service	AdminTaxController	GET	/api/v1/bookings/admin/taxes/global
booking-service	AdminTaxController	POST	/api/v1/bookings/admin/taxes/global
booking-service	BingeController	GET	/api/v1/bookings/binges
booking-service	BingeController	GET	/api/v1/bookings/binges/nearby
booking-service	BingeController	GET	/api/v1/bookings/binges/{id}
booking-service	BingeController	GET	/api/v1/bookings/binges/{id}/customer-dashboard
booking-service	BingeController	GET	/api/v1/bookings/binges/{id}/customer-about
booking-service	BingeController	GET	/api/v1/bookings/binges/{id}/reviews/summary
booking-service	BingeController	GET	/api/v1/bookings/binges/{id}/reviews
booking-service	BingeController	GET	/api/v1/bookings/admin/binges
booking-service	BingeController	GET	/api/v1/bookings/admin/binges/by-admin/{adminId}
booking-service	BingeController	POST	/api/v1/bookings/admin/binges
booking-service	BingeController	GET	/api/v1/bookings/admin/binges/pending
booking-service	BingeController	POST	/api/v1/bookings/admin/binges/{id}/approve
booking-service	BingeController	PATCH	/api/v1/bookings/admin/binges/{id}/taxes-enabled
booking-service	BingeController	POST	/api/v1/bookings/admin/binges/{id}/reject
booking-service	BingeController	POST	/api/v1/bookings/admin/binges/{id}/resubmit
booking-service	BingeController	PUT	/api/v1/bookings/admin/binges/{id}
booking-service	BingeController	POST	/api/v1/bookings/admin/binges/{id}/country-request
booking-service	BingeController	POST	/api/v1/bookings/admin/binges/{id}/timezone-request
booking-service	BingeController	GET	/api/v1/bookings/admin/binges/change-requests
booking-service	BingeController	POST	/api/v1/bookings/admin/binges/change-requests/{requestId}/approve
booking-service	BingeController	POST	/api/v1/bookings/admin/binges/change-requests/{requestId}/reject
booking-service	BingeController	POST	/api/v1/bookings/admin/binges/change-requests/{requestId}/cancel
booking-service	BingeController	POST	/api/v1/bookings/admin/binges/bulk-timezone
booking-service	BingeController	GET	/api/v1/bookings/admin/binges/{id}/customer-dashboard
booking-service	BingeController	GET	/api/v1/bookings/admin/binges/{id}/customer-about
booking-service	BingeController	PUT	/api/v1/bookings/admin/binges/{id}/customer-dashboard
booking-service	BingeController	PUT	/api/v1/bookings/admin/binges/{id}/customer-about
booking-service	BingeController	PATCH	/api/v1/bookings/admin/binges/{id}/toggle-active
booking-service	BingeController	DELETE	/api/v1/bookings/admin/binges/{id}
booking-service	BingeController	GET	/api/v1/bookings/admin/binges/{id}/cancellation-tiers
booking-service	BingeController	PUT	/api/v1/bookings/admin/binges/{id}/cancellation-tiers
booking-service	BingeController	GET	/api/v1/bookings/binges/{id}/cancellation-tiers
booking-service	BingeController	GET	/api/v1/bookings/admin/binges/{id}/cancellation-policy
booking-service	BingeController	PUT	/api/v1/bookings/admin/binges/{id}/cancellation-policy
booking-service	BingeSiteContentController	GET	/api/v1/bookings/binges/{bingeId}/site-content/{slug}
booking-service	BingeSiteContentController	PUT	/api/v1/bookings/admin/binges/{bingeId}/site-content/{slug}
booking-service	BookingAnalyticsController	POST	/api/v1/bookings/analytics/funnel
booking-service	BookingController	POST	/api/v1/bookings
booking-service	BookingController	GET	/api/v1/bookings/{bookingRef}
booking-service	BookingController	GET	/api/v1/bookings/my
booking-service	BookingController	GET	/api/v1/bookings/my/current
booking-service	BookingController	GET	/api/v1/bookings/my/past
booking-service	BookingController	GET	/api/v1/bookings/my/reviews/pending
booking-service	BookingController	GET	/api/v1/bookings/event-types
booking-service	BookingController	GET	/api/v1/bookings/add-ons
booking-service	BookingController	GET	/api/v1/bookings/event-categories
booking-service	BookingController	GET	/api/v1/bookings/addon-categories
booking-service	BookingController	GET	/api/v1/bookings/booked-slots
booking-service	BookingController	GET	/api/v1/bookings/slot-capacity
booking-service	BookingController	POST	/api/v1/bookings/{bookingRef}/cancel
booking-service	BookingController	POST	/api/v1/bookings/{bookingRef}/reschedule
booking-service	BookingController	POST	/api/v1/bookings/recurring
booking-service	BookingController	GET	/api/v1/bookings/recurring/{groupId}
booking-service	BookingController	GET	/api/v1/bookings/{bookingRef}/reviews/customer
booking-service	BookingController	POST	/api/v1/bookings/{bookingRef}/reviews/customer
booking-service	BookingController	POST	/api/v1/bookings/admin/{bookingRef}/reviews
booking-service	BookingController	GET	/api/v1/bookings/admin/{bookingRef}/reviews
booking-service	BookingController	GET	/api/v1/bookings/my-pricing
booking-service	BookingController	GET	/api/v1/bookings/venue-rooms
booking-service	BookingController	GET	/api/v1/bookings/venue-rooms/available
booking-service	BookingController	GET	/api/v1/bookings/venue-rooms/{roomId}/reviews/summary
booking-service	BookingController	GET	/api/v1/bookings/venue-rooms/{roomId}/reviews
booking-service	BookingController	GET	/api/v1/bookings/surge-rules
booking-service	BookingController	GET	/api/v1/bookings/surge/quote
booking-service	BookingController	GET	/api/v1/bookings/{bookingRef}/timeline
booking-service	BookingTransferController	POST	/api/v1/bookings/{bookingRef}/transfers
booking-service	BookingTransferController	GET	/api/v1/bookings/{bookingRef}/transfers
booking-service	BookingTransferController	POST	/api/v1/bookings/{bookingRef}/transfers/{transferId}/revoke
booking-service	BookingTransferController	GET	/api/v1/booking-transfers/by-token/{token}
booking-service	BookingTransferController	POST	/api/v1/booking-transfers/by-token/{token}/accept
booking-service	BookingTransferController	POST	/api/v1/booking-transfers/by-token/{token}/decline
booking-service	CheckInController	POST	/api/v1/bookings/admin/{bookingRef}/check-in/qr/issue
booking-service	CheckInController	POST	/api/v1/bookings/admin/{bookingRef}/check-in/otp/issue
booking-service	CheckInController	POST	/api/v1/bookings/admin/check-in/verify
booking-service	CustomerFreezeController	GET	/api/v1/bookings/freezes/me
booking-service	CustomerFreezeController	GET	/api/v1/bookings/freezes/me/binge/{bingeId}
booking-service	CustomerFreezeController	GET	/api/v1/bookings/admin/freezes
booking-service	CustomerFreezeController	POST	/api/v1/bookings/admin/freezes
booking-service	CustomerFreezeController	DELETE	/api/v1/bookings/admin/freezes/{id}
booking-service	ExportController	GET	/api/v1/bookings/admin/export/csv
booking-service	InternalBookingController	GET	/api/v1/bookings/internal/binges/{id}
booking-service	InternalBookingController	GET	/api/v1/bookings/internal/amount/{bookingRef}
booking-service	InvoiceController	GET	/api/v1/bookings/{ref}/invoice
booking-service	InvoiceController	GET	/api/v1/bookings/admin/invoices
booking-service	InvoiceController	POST	/api/v1/bookings/admin/{ref}/invoice/resend
booking-service	MediaController	POST	/api/v1/bookings/admin/media/upload
booking-service	MediaController	GET	/api/v1/bookings/media/{filename:.+}
booking-service	MessageAttachmentController	POST	/api/v1/bookings/notifications/attachment
booking-service	MyNotificationController	GET	/api/v1/bookings/notifications
booking-service	MyNotificationController	GET	/api/v1/bookings/notifications/unread-count
booking-service	MyNotificationController	GET	/api/v1/bookings/notifications/sent
booking-service	MyNotificationController	GET	/api/v1/bookings/notifications/thread/{threadId}
booking-service	MyNotificationController	POST	/api/v1/bookings/notifications/{id}/read
booking-service	MyNotificationController	POST	/api/v1/bookings/notifications/read-all
booking-service	MyNotificationController	POST	/api/v1/bookings/notifications/{id}/reply
booking-service	MyNotificationController	POST	/api/v1/bookings/notifications/contact-support
booking-service	MyNotificationController	DELETE	/api/v1/bookings/notifications/{id}
booking-service	PublicCurrencyController	GET	/api/v1/bookings/currencies
booking-service	PublicTaxController	GET	/api/v1/bookings/taxes/preview
booking-service	SlotHoldController	POST	/api/v1/bookings/slot-holds
booking-service	SlotHoldController	GET	/api/v1/bookings/slot-holds/{token}
booking-service	SlotHoldController	DELETE	/api/v1/bookings/slot-holds/{token}
booking-service	SlotHoldController	GET	/api/v1/bookings/slot-holds/my
booking-service	SlotHoldController	GET	/api/v1/bookings/slot-holds/admin
booking-service	SlotHoldController	DELETE	/api/v1/bookings/slot-holds/admin/{token}
booking-service	WaitlistController	POST	/api/v1/bookings/waitlist
booking-service	WaitlistController	DELETE	/api/v1/bookings/waitlist/{entryId}
booking-service	WaitlistController	GET	/api/v1/bookings/waitlist/my
booking-service	WaitlistController	GET	/api/v1/bookings/waitlist/admin
booking-service	WaitlistController	GET	/api/v1/bookings/waitlist/admin/count
booking-service	WaitlistController	DELETE	/api/v1/bookings/waitlist/admin/{entryId}
booking-service	WaitlistController	POST	/api/v1/bookings/waitlist/admin/{entryId}/offer
booking-service	WaitlistController	PATCH	/api/v1/bookings/waitlist/admin/{entryId}/priority
booking-service	LoyaltyV2AdminController	POST	/api/v2/loyalty/admin/enrollments
booking-service	LoyaltyV2AdminController	GET	/api/v2/loyalty/admin/bindings/{bingeId}
booking-service	LoyaltyV2AdminController	POST	/api/v2/loyalty/admin/bindings/{bingeId}/enable
booking-service	LoyaltyV2AdminController	POST	/api/v2/loyalty/admin/bindings/{bindingId}/disable
booking-service	LoyaltyV2AdminController	GET	/api/v2/loyalty/admin/goodwill/{bingeId}/budget
booking-service	LoyaltyV2AdminController	POST	/api/v2/loyalty/admin/goodwill/{bingeId}
booking-service	LoyaltyV2AdminController	GET	/api/v2/loyalty/admin/bindings/{bindingId}/earn-rules
booking-service	LoyaltyV2AdminController	POST	/api/v2/loyalty/admin/bindings/{bindingId}/earn-rules
booking-service	LoyaltyV2AdminController	GET	/api/v2/loyalty/admin/bindings/{bindingId}/redeem-rule
booking-service	LoyaltyV2AdminController	POST	/api/v2/loyalty/admin/bindings/{bindingId}/redeem-rule
booking-service	LoyaltyV2AdminController	POST	/api/v2/loyalty/admin/bindings/{bindingId}/redeem-rule/reset
booking-service	LoyaltyV2AdminController	GET	/api/v2/loyalty/admin/bindings/{bindingId}/effective-redeem
booking-service	LoyaltyV2AdminController	POST	/api/v2/loyalty/admin/bindings/{bindingId}/perks
booking-service	LoyaltyV2AdminController	GET	/api/v2/loyalty/admin/status-match/pending
booking-service	LoyaltyV2AdminController	POST	/api/v2/loyalty/admin/status-match/{requestId}/approve
booking-service	LoyaltyV2AdminController	POST	/api/v2/loyalty/admin/status-match/{requestId}/reject
booking-service	LoyaltyV2CustomerController	GET	/api/v2/loyalty/me
booking-service	LoyaltyV2CustomerController	GET	/api/v2/loyalty/me/ledger
booking-service	LoyaltyV2CustomerController	GET	/api/v2/loyalty/me/redeem-quote
booking-service	LoyaltyV2CustomerController	GET	/api/v2/loyalty/me/redeem-max
booking-service	LoyaltyV2CustomerController	GET	/api/v2/loyalty/me/earn-quote
booking-service	LoyaltyV2CustomerController	GET	/api/v2/loyalty/me/status-match
booking-service	LoyaltyV2CustomerController	POST	/api/v2/loyalty/me/status-match
booking-service	LoyaltyV2SuperAdminController	GET	/api/v2/loyalty/super-admin/program
booking-service	LoyaltyV2SuperAdminController	PUT	/api/v2/loyalty/super-admin/program
booking-service	LoyaltyV2SuperAdminController	GET	/api/v2/loyalty/super-admin/tiers
booking-service	LoyaltyV2SuperAdminController	POST	/api/v2/loyalty/super-admin/tiers
booking-service	LoyaltyV2SuperAdminController	DELETE	/api/v2/loyalty/super-admin/tiers/{tierId}
booking-service	LoyaltyV2SuperAdminController	GET	/api/v2/loyalty/super-admin/perks
booking-service	LoyaltyV2SuperAdminController	POST	/api/v2/loyalty/super-admin/perks
booking-service	LoyaltyV2SuperAdminController	POST	/api/v2/loyalty/super-admin/tier-perks
booking-service	LoyaltyV2SuperAdminController	DELETE	/api/v2/loyalty/super-admin/tier-perks/{tierPerkId}
booking-service	LoyaltyV2SuperAdminController	GET	/api/v2/loyalty/super-admin/bindings
booking-service	LoyaltyV2SuperAdminController	POST	/api/v2/loyalty/super-admin/bindings/bulk
booking-service	LoyaltyV2SuperAdminController	GET	/api/v2/loyalty/super-admin/country-configs
booking-service	LoyaltyV2SuperAdminController	POST	/api/v2/loyalty/super-admin/country-configs
booking-service	LoyaltyV2SuperAdminController	DELETE	/api/v2/loyalty/super-admin/country-configs/{countryIso2}
booking-service	LoyaltyV2SuperAdminController	POST	/api/v2/loyalty/super-admin/bindings/{bindingId}/goodwill-settings
booking-service	LoyaltyV2SuperAdminController	POST	/api/v2/loyalty/super-admin/bindings/{bindingId}/config-lock
booking-service	LoyaltyV2SuperAdminController	GET	/api/v2/loyalty/super-admin/customers/{customerId}
booking-service	LoyaltyV2SuperAdminController	POST	/api/v2/loyalty/super-admin/customers/{customerId}/adjust
booking-service	LoyaltyV2SuperAdminController	GET	/api/v2/loyalty/super-admin/customers/{customerId}/ledger
booking-service	LoyaltyV2SuperAdminController	GET	/api/v2/loyalty/super-admin/tier-perks
booking-service	BingeAccessController	GET	/api/v1/bookings/admin/my-permissions
booking-service	BingeAccessController	GET	/api/v1/bookings/admin/binges/{id}/about
booking-service	BingeAccessController	GET	/api/v1/bookings/admin/binges/{id}/access
booking-service	BingeAccessController	PUT	/api/v1/bookings/admin/binges/{id}/access/{moduleKey}
booking-service	BingeAccessController	PATCH	/api/v1/bookings/admin/binges/{id}/access-remarks
notification-service	DeliveryWebhookController	POST	/api/v1/notifications/webhooks/delivery
notification-service	NotificationController	GET	/api/v1/notifications/my
notification-service	NotificationController	GET	/api/v1/notifications/booking/{bookingRef}
notification-service	NotificationController	POST	/api/v1/notifications/admin/retry-failed
notification-service	NotificationController	POST	/api/v1/notifications/admin/{id}/retry
notification-service	NotificationPreferenceController	GET	/api/v1/notifications/preferences
notification-service	NotificationPreferenceController	PUT	/api/v1/notifications/preferences
notification-service	PushSubscriptionController	GET	/api/v1/notifications/push/public-key
notification-service	PushSubscriptionController	POST	/api/v1/notifications/push/subscribe
notification-service	PushSubscriptionController	POST	/api/v1/notifications/push/unsubscribe
notification-service	PushSubscriptionController	POST	/api/v1/notifications/push/test
notification-service	TemplateController	GET	/api/v1/notifications/admin/templates
notification-service	TemplateController	POST	/api/v1/notifications/admin/templates
notification-service	TemplateController	POST	/api/v1/notifications/admin/templates/activate
notification-service	WhatsAppTemplateController	GET	/api/v1/notifications/admin/whatsapp-templates
notification-service	WhatsAppTemplateController	GET	/api/v1/notifications/admin/whatsapp-templates/{id}
notification-service	WhatsAppTemplateController	POST	/api/v1/notifications/admin/whatsapp-templates
notification-service	WhatsAppTemplateController	PUT	/api/v1/notifications/admin/whatsapp-templates/{id}
notification-service	WhatsAppTemplateController	DELETE	/api/v1/notifications/admin/whatsapp-templates/{id}
payment-service	AdminApprovalController	GET	/api/v1/payments/admin/approvals
payment-service	AdminApprovalController	GET	/api/v1/payments/admin/approvals/{id}
payment-service	AdminApprovalController	POST	/api/v1/payments/admin/approvals/{id}/approve
payment-service	AdminApprovalController	POST	/api/v1/payments/admin/approvals/{id}/reject
payment-service	AdminApprovalController	POST	/api/v1/payments/admin/approvals/{id}/cancel
payment-service	AdminApprovalController	POST	/api/v1/payments/admin/approvals/{id}/execute-refund-retry
payment-service	PaymentController	POST	/api/v1/payments/initiate
payment-service	PaymentController	GET	/api/v1/payments/methods/{bookingRef}
payment-service	PaymentController	POST	/api/v1/payments/callback
payment-service	PaymentController	POST	/api/v1/payments/admin/simulate/{transactionId}
payment-service	PaymentController	GET	/api/v1/payments/transaction/{transactionId}
payment-service	PaymentController	GET	/api/v1/payments/booking/{bookingRef}
payment-service	PaymentController	GET	/api/v1/payments/my
payment-service	PaymentController	GET	/api/v1/payments/my/summary
payment-service	PaymentController	POST	/api/v1/payments/admin/refund
payment-service	PaymentController	GET	/api/v1/payments/admin/refunds/{paymentId}
payment-service	PaymentController	GET	/api/v1/payments/booking/{bookingRef}/refunds
payment-service	PaymentController	GET	/api/v1/payments/admin/refunds/failed
payment-service	PaymentController	POST	/api/v1/payments/admin/refunds/{refundId}/retry
payment-service	PaymentController	POST	/api/v1/payments/cancel/{transactionId}
payment-service	PaymentController	GET	/api/v1/payments/admin/stats
payment-service	PaymentController	GET	/api/v1/payments/admin/disputes
payment-service	PaymentController	GET	/api/v1/payments/admin/disputes/all
payment-service	PaymentController	GET	/api/v1/payments/admin/disputes/count
payment-service	PaymentController	PATCH	/api/v1/payments/admin/disputes/{disputeId}/notes
payment-service	PaymentController	POST	/api/v1/payments/admin/connect/onboard
payment-service	PaymentController	GET	/api/v1/payments/admin/connect/status
payment-service	PaymentController	POST	/api/v1/payments/webhooks/stripe
payment-service	PaymentController	POST	/api/v1/payments/webhooks/razorpay
payment-service	PaymentController	POST	/api/v1/payments/admin/record-cash
payment-service	PaymentController	POST	/api/v1/payments/admin/add-payment
