sourceFile	method	path
src\services\api.js	POST	/api/v1/auth/refresh
src\services\api.js	POST	/api/v1/auth/refresh
src\services\api.js	POST	/api/v1/auth/logout
src\services\api.js	POST	/api/v1/auth/logout
src\services\endpoints.js	POST	/auth/register
src\services\endpoints.js	POST	/auth/login
src\services\endpoints.js	POST	/auth/google
src\services\endpoints.js	POST	/auth/admin/login
src\services\endpoints.js	POST	/auth/admin/register
src\services\endpoints.js	GET	/auth/profile
src\services\endpoints.js	PUT	/auth/profile/preferences
src\services\endpoints.js	GET	/auth/support-contact
src\services\endpoints.js	PUT	/auth/complete-profile
src\services\endpoints.js	PUT	/auth/change-password
src\services\endpoints.js	PUT	/auth/profile
src\services\endpoints.js	PUT	/auth/change-email
src\services\endpoints.js	POST	/auth/change-email/request
src\services\endpoints.js	POST	/auth/change-email/confirm
src\services\endpoints.js	PUT	/auth/change-phone
src\services\endpoints.js	POST	/auth/forgot-password
src\services\endpoints.js	POST	/auth/reset-password
src\services\endpoints.js	POST	/auth/verify-otp
src\services\endpoints.js	GET	/auth/admin/search-customers
src\services\endpoints.js	GET	/auth/admin/search-staff
src\services\endpoints.js	GET	/auth/admin/customers
src\services\endpoints.js	POST	/auth/admin/create-customer
src\services\endpoints.js	POST	/auth/admin/customer/${id}/temp-password
src\services\endpoints.js	GET	/auth/admin/customer/${id}
src\services\endpoints.js	PUT	/auth/admin/customer/${id}
src\services\endpoints.js	GET	/auth/admin/admins
src\services\endpoints.js	PUT	/auth/admin/admins/${id}
src\services\endpoints.js	DELETE	/auth/admin/user/${id}
src\services\endpoints.js	POST	/auth/admin/bulk-ban
src\services\endpoints.js	POST	/auth/admin/bulk-unban
src\services\endpoints.js	POST	/auth/admin/bulk-delete
src\services\endpoints.js	POST	/auth/mfa/enroll
src\services\endpoints.js	POST	/auth/mfa/confirm
src\services\endpoints.js	POST	/auth/mfa/disable
src\services\endpoints.js	POST	/auth/verify-email
src\services\endpoints.js	POST	/auth/resend-verification
src\services\endpoints.js	DELETE	/auth/privacy/me
src\services\endpoints.js	GET	/auth/sessions
src\services\endpoints.js	DELETE	/auth/sessions/${id}
src\services\endpoints.js	POST	/auth/sessions/revoke-others
src\services\endpoints.js	GET	/auth/admin/sessions
src\services\endpoints.js	DELETE	/auth/admin/sessions/${id}
src\services\endpoints.js	DELETE	/auth/admin/users/${userId}/sessions
src\services\endpoints.js	GET	/auth/admin/audit-log
src\services\endpoints.js	POST	/auth/admin/admins/${id}/promote
src\services\endpoints.js	POST	/auth/admin/admins/${id}/demote
src\services\endpoints.js	GET	/auth/admin/super-admin/stats
src\services\endpoints.js	GET	/auth/authority/me
src\services\endpoints.js	GET	/auth/authority/grants
src\services\endpoints.js	GET	/auth/authority/grants/by-user/${userId}
src\services\endpoints.js	POST	/auth/authority/grants
src\services\endpoints.js	DELETE	/auth/authority/grants/${id}
src\services\endpoints.js	GET	/auth/authority/locks/lookup
src\services\endpoints.js	GET	/auth/authority/locks
src\services\endpoints.js	POST	/auth/authority/locks
src\services\endpoints.js	DELETE	/auth/authority/locks/${id}
src\services\endpoints.js	GET	/bookings/event-types
src\services\endpoints.js	GET	/bookings/add-ons
src\services\endpoints.js	GET	/bookings/event-categories
src\services\endpoints.js	GET	/bookings/addon-categories
src\services\endpoints.js	POST	/bookings
src\services\endpoints.js	GET	/bookings/${ref}
src\services\endpoints.js	GET	/bookings/my
src\services\endpoints.js	GET	/bookings/my/current
src\services\endpoints.js	GET	/bookings/my/past
src\services\endpoints.js	GET	/bookings/my/reviews/pending
src\services\endpoints.js	GET	/bookings/booked-slots
src\services\endpoints.js	POST	/bookings/${ref}/cancel
src\services\endpoints.js	POST	/bookings/${ref}/reschedule
src\services\endpoints.js	POST	/bookings/${ref}/transfers
src\services\endpoints.js	GET	/bookings/${ref}/transfers
src\services\endpoints.js	POST	/bookings/${ref}/transfers/${transferId}/revoke
src\services\endpoints.js	GET	/bookings/${ref}/timeline
src\services\endpoints.js	GET	/bookings/${ref}/invoice
src\services\endpoints.js	POST	/bookings/recurring
src\services\endpoints.js	GET	/bookings/recurring/${groupId}
src\services\endpoints.js	GET	/bookings/${ref}/reviews/customer
src\services\endpoints.js	POST	/bookings/${ref}/reviews/customer
src\services\endpoints.js	GET	/bookings/my-pricing
src\services\endpoints.js	GET	/bookings/slot-capacity
src\services\endpoints.js	POST	/bookings/waitlist
src\services\endpoints.js	DELETE	/bookings/waitlist/${entryId}
src\services\endpoints.js	GET	/bookings/waitlist/my
src\services\endpoints.js	GET	/bookings/binges
src\services\endpoints.js	GET	/bookings/binges/nearby
src\services\endpoints.js	GET	/bookings/binges/${id}
src\services\endpoints.js	GET	/bookings/binges/${id}/customer-dashboard
src\services\endpoints.js	GET	/bookings/binges/${id}/customer-about
src\services\endpoints.js	GET	/bookings/binges/${id}/reviews/summary
src\services\endpoints.js	GET	/bookings/binges/${id}/reviews
src\services\endpoints.js	GET	/bookings/binges/${bingeId}/cancellation-tiers
src\services\endpoints.js	GET	/bookings/venue-rooms
src\services\endpoints.js	GET	/bookings/venue-rooms/available
src\services\endpoints.js	GET	/bookings/venue-rooms/${roomId}/reviews/summary
src\services\endpoints.js	GET	/bookings/venue-rooms/${roomId}/reviews
src\services\endpoints.js	GET	/bookings/surge-rules
src\services\endpoints.js	GET	/bookings/surge/quote
src\services\endpoints.js	GET	/bookings/freezes/me
src\services\endpoints.js	GET	/bookings/freezes/me/binge/${bingeId}
src\services\endpoints.js	GET	/bookings/binges/${bingeId}/site-content/${slug}
src\services\endpoints.js	PUT	/bookings/admin/binges/${bingeId}/site-content/${slug}
src\services\endpoints.js	GET	/bookings/taxes/preview
src\services\endpoints.js	GET	/bookings/currencies
src\services\endpoints.js	POST	/bookings/slot-holds
src\services\endpoints.js	GET	/bookings/slot-holds/${token}
src\services\endpoints.js	DELETE	/bookings/slot-holds/${token}
src\services\endpoints.js	GET	/bookings/slot-holds/my
src\services\endpoints.js	GET	/bookings/slot-holds/admin
src\services\endpoints.js	DELETE	/bookings/slot-holds/admin/${token}
src\services\endpoints.js	GET	/bookings/admin/taxes
src\services\endpoints.js	POST	/bookings/admin/taxes
src\services\endpoints.js	PUT	/bookings/admin/taxes/${id}
src\services\endpoints.js	DELETE	/bookings/admin/taxes/${id}
src\services\endpoints.js	GET	/bookings/admin/taxes/global
src\services\endpoints.js	POST	/bookings/admin/taxes/global
src\services\endpoints.js	GET	/bookings/taxes/preview
src\services\endpoints.js	GET	/bookings/currencies
src\services\endpoints.js	GET	/bookings/admin/currencies
src\services\endpoints.js	POST	/bookings/admin/currencies
src\services\endpoints.js	POST	/bookings/admin/currencies/${code}/toggle
src\services\endpoints.js	DELETE	/bookings/admin/currencies/${code}
src\services\endpoints.js	POST	/bookings/admin/currencies/refresh
src\services\endpoints.js	GET	/notifications/my
src\services\endpoints.js	GET	/notifications/booking/${ref}
src\services\endpoints.js	GET	/notifications/preferences
src\services\endpoints.js	PUT	/notifications/preferences
src\services\endpoints.js	GET	/notifications/push/public-key
src\services\endpoints.js	POST	/notifications/push/subscribe
src\services\endpoints.js	POST	/notifications/push/unsubscribe
src\services\endpoints.js	POST	/notifications/push/test
src\services\endpoints.js	POST	/notifications/admin/retry-failed
src\services\endpoints.js	GET	/notifications/admin/templates
src\services\endpoints.js	POST	/notifications/admin/templates
src\services\endpoints.js	POST	/notifications/admin/templates/activate
src\services\endpoints.js	GET	/notifications/admin/whatsapp-templates
src\services\endpoints.js	GET	/notifications/admin/whatsapp-templates/${id}
src\services\endpoints.js	POST	/notifications/admin/whatsapp-templates
src\services\endpoints.js	PUT	/notifications/admin/whatsapp-templates/${id}
src\services\endpoints.js	DELETE	/notifications/admin/whatsapp-templates/${id}
src\services\endpoints.js	GET	/availability/dates
src\services\endpoints.js	GET	/availability/slots
src\services\endpoints.js	POST	/bookings/notifications/attachment
src\services\endpoints.js	GET	/bookings/notifications
src\services\endpoints.js	GET	/bookings/notifications/unread-count
src\services\endpoints.js	GET	/bookings/notifications/sent
src\services\endpoints.js	GET	/bookings/notifications/thread/${threadId}
src\services\endpoints.js	POST	/bookings/notifications/${id}/read
src\services\endpoints.js	POST	/bookings/notifications/read-all
src\services\endpoints.js	POST	/bookings/notifications/${id}/reply
src\services\endpoints.js	POST	/bookings/notifications/contact-support
src\services\endpoints.js	DELETE	/bookings/notifications/${id}
src\services\endpoints.js	POST	/payments/initiate
src\services\endpoints.js	GET	/payments/methods/${ref}
src\services\endpoints.js	POST	/payments/callback
src\services\endpoints.js	GET	/payments/booking/${ref}
src\services\endpoints.js	GET	/payments/my
src\services\endpoints.js	GET	/payments/my/summary
src\services\endpoints.js	POST	/payments/cancel/${txnId}
src\services\endpoints.js	GET	/payments/transaction/${txnId}
src\services\endpoints.js	GET	/site-content/public/${slug}
src\services\endpoints.js	PUT	/site-content/admin/${slug}
src\services\endpoints.js	GET	/bookings/admin/dashboard-stats
src\services\endpoints.js	GET	/bookings/admin
src\services\endpoints.js	GET	/bookings/admin/today
src\services\endpoints.js	GET	/bookings/admin/upcoming
src\services\endpoints.js	GET	/bookings/admin/by-date
src\services\endpoints.js	GET	/bookings/admin/by-status
src\services\endpoints.js	GET	/bookings/admin/house-accounts
src\services\endpoints.js	GET	/bookings/admin/search
src\services\endpoints.js	PATCH	/bookings/admin/${ref}
src\services\endpoints.js	POST	/bookings/admin/${ref}/cancel
src\services\endpoints.js	POST	/bookings/admin/${ref}/confirm
src\services\endpoints.js	POST	/bookings/admin/${ref}/check-in
src\services\endpoints.js	GET	/bookings/admin/${ref}/available-rooms
src\services\endpoints.js	PATCH	/bookings/admin/${ref}/room
src\services\endpoints.js	POST	/bookings/admin/${ref}/checkout
src\services\endpoints.js	POST	/bookings/admin/${ref}/undo-check-in
src\services\endpoints.js	POST	/bookings/admin/${ref}/check-in/qr/issue
src\services\endpoints.js	POST	/bookings/admin/${ref}/check-in/otp/issue
src\services\endpoints.js	POST	/bookings/admin/check-in/verify
src\services\endpoints.js	GET	/availability/admin/blocked-dates
src\services\endpoints.js	GET	/availability/admin/blocked-slots
src\services\endpoints.js	POST	/availability/admin/block-date
src\services\endpoints.js	DELETE	/availability/admin/unblock-date
src\services\endpoints.js	POST	/availability/admin/block-slot
src\services\endpoints.js	DELETE	/availability/admin/unblock-slot
src\services\endpoints.js	DELETE	/availability/admin/blocked-dates/${id}
src\services\endpoints.js	DELETE	/availability/admin/blocked-slots/${id}
src\services\endpoints.js	POST	/payments/admin/connect/onboard
src\services\endpoints.js	GET	/payments/admin/connect/status
src\services\endpoints.js	POST	/payments/admin/refund
src\services\endpoints.js	GET	/payments/admin/refunds/${paymentId}
src\services\endpoints.js	GET	/payments/admin/stats
src\services\endpoints.js	POST	/payments/admin/simulate/${txnId}
src\services\endpoints.js	POST	/payments/admin/record-cash
src\services\endpoints.js	POST	/payments/admin/add-payment
src\services\endpoints.js	GET	/bookings/admin/event-types
src\services\endpoints.js	POST	/bookings/admin/event-types
src\services\endpoints.js	PUT	/bookings/admin/event-types/${id}
src\services\endpoints.js	PATCH	/bookings/admin/event-types/${id}/toggle-active
src\services\endpoints.js	DELETE	/bookings/admin/event-types/${id}
src\services\endpoints.js	GET	/bookings/admin/add-ons
src\services\endpoints.js	POST	/bookings/admin/add-ons
src\services\endpoints.js	PUT	/bookings/admin/add-ons/${id}
src\services\endpoints.js	PATCH	/bookings/admin/add-ons/${id}/toggle-active
src\services\endpoints.js	DELETE	/bookings/admin/add-ons/${id}
src\services\endpoints.js	GET	/bookings/admin/event-categories
src\services\endpoints.js	POST	/bookings/admin/event-categories
src\services\endpoints.js	PUT	/bookings/admin/event-categories/${id}
src\services\endpoints.js	PATCH	/bookings/admin/event-categories/${id}/toggle-active
src\services\endpoints.js	DELETE	/bookings/admin/event-categories/${id}
src\services\endpoints.js	GET	/bookings/admin/event-categories/global
src\services\endpoints.js	POST	/bookings/admin/event-categories/global
src\services\endpoints.js	PUT	/bookings/admin/event-categories/global/${id}
src\services\endpoints.js	PATCH	/bookings/admin/event-categories/global/${id}/toggle-active
src\services\endpoints.js	DELETE	/bookings/admin/event-categories/global/${id}
src\services\endpoints.js	GET	/bookings/admin/addon-categories
src\services\endpoints.js	POST	/bookings/admin/addon-categories
src\services\endpoints.js	PUT	/bookings/admin/addon-categories/${id}
src\services\endpoints.js	PATCH	/bookings/admin/addon-categories/${id}/toggle-active
src\services\endpoints.js	DELETE	/bookings/admin/addon-categories/${id}
src\services\endpoints.js	GET	/bookings/admin/addon-categories/global
src\services\endpoints.js	POST	/bookings/admin/addon-categories/global
src\services\endpoints.js	PUT	/bookings/admin/addon-categories/global/${id}
src\services\endpoints.js	PATCH	/bookings/admin/addon-categories/global/${id}/toggle-active
src\services\endpoints.js	DELETE	/bookings/admin/addon-categories/global/${id}
src\services\endpoints.js	GET	/bookings/admin/invoices
src\services\endpoints.js	POST	/bookings/admin/${ref}/invoice/resend
src\services\endpoints.js	GET	/bookings/admin/reports
src\services\endpoints.js	GET	/bookings/admin/reports/date-range
src\services\endpoints.js	GET	/bookings/admin/operational-date
src\services\endpoints.js	POST	/bookings/admin/operational-date/advance
src\services\endpoints.js	POST	/bookings/admin/operational-date/set
src\services\endpoints.js	POST	/bookings/admin/audit
src\services\endpoints.js	POST	/bookings/admin/create-booking
src\services\endpoints.js	GET	/bookings/admin/customer-booking-count/${customerId}
src\services\endpoints.js	GET	/bookings/admin/booked-slots
src\services\endpoints.js	GET	/bookings/admin/${ref}/events
src\services\endpoints.js	GET	/bookings/admin/${ref}/reviews
src\services\endpoints.js	POST	/bookings/admin/${ref}/reviews
src\services\endpoints.js	POST	/bookings/admin/${ref}/replay
src\services\endpoints.js	POST	/bookings/admin/replay-all
src\services\endpoints.js	POST	/bookings/admin/${ref}/override-status
src\services\endpoints.js	GET	/bookings/admin/sagas/failed
src\services\endpoints.js	GET	/bookings/admin/sagas/compensating
src\services\endpoints.js	POST	/notifications/admin/retry-failed
src\services\endpoints.js	GET	/bookings/admin/recovery/stuck-pending
src\services\endpoints.js	GET	/bookings/admin/recovery/expired-holds
src\services\endpoints.js	GET	/bookings/admin/recovery/paid-not-confirmed
src\services\endpoints.js	GET	/bookings/admin/recovery/no-show
src\services\endpoints.js	GET	/bookings/admin/recovery/summary
src\services\endpoints.js	GET	/bookings/admin/recovery/funnel
src\services\endpoints.js	POST	/bookings/admin/recovery/expired-holds/${token}/release
src\services\endpoints.js	POST	/bookings/admin/recovery/stuck-pending/${ref}/cancel
src\services\endpoints.js	POST	/bookings/admin/recovery/paid-not-confirmed/${ref}/replay
src\services\endpoints.js	GET	/payments/admin/approvals
src\services\endpoints.js	GET	/payments/admin/approvals/${id}
src\services\endpoints.js	POST	/payments/admin/approvals/${id}/approve
src\services\endpoints.js	POST	/payments/admin/approvals/${id}/reject
src\services\endpoints.js	POST	/payments/admin/approvals/${id}/cancel
src\services\endpoints.js	POST	/payments/admin/approvals/${id}/execute-refund-retry
src\services\endpoints.js	GET	/payments/admin/refunds/failed
src\services\endpoints.js	POST	/payments/admin/refunds/${refundId}/retry
src\services\endpoints.js	GET	/bookings/admin/pricing/rate-codes
src\services\endpoints.js	GET	/bookings/admin/pricing/rate-codes/active
src\services\endpoints.js	GET	/bookings/admin/pricing/rate-codes/${id}
src\services\endpoints.js	POST	/bookings/admin/pricing/rate-codes
src\services\endpoints.js	PUT	/bookings/admin/pricing/rate-codes/${id}
src\services\endpoints.js	PATCH	/bookings/admin/pricing/rate-codes/${id}/toggle-active
src\services\endpoints.js	DELETE	/bookings/admin/pricing/rate-codes/${id}
src\services\endpoints.js	GET	/bookings/admin/pricing/customer/${customerId}
src\services\endpoints.js	POST	/bookings/admin/pricing/customer
src\services\endpoints.js	DELETE	/bookings/admin/pricing/customer/${customerId}
src\services\endpoints.js	POST	/bookings/admin/pricing/bulk-assign-rate-code
src\services\endpoints.js	PATCH	/bookings/admin/pricing/customer/${customerId}/member-label
src\services\endpoints.js	GET	/bookings/admin/pricing/resolve/${customerId}
src\services\endpoints.js	GET	/bookings/admin/pricing/resolve-rate-code/${rateCodeId}
src\services\endpoints.js	GET	/bookings/admin/pricing/customer-detail/${customerId}
src\services\endpoints.js	GET	/bookings/admin/binges
src\services\endpoints.js	GET	/bookings/admin/binges/by-admin/${adminId}
src\services\endpoints.js	PUT	/bookings/admin/binges/${id}
src\services\endpoints.js	POST	/bookings/admin/binges/${id}/country-request
src\services\endpoints.js	POST	/bookings/admin/binges/${id}/timezone-request
src\services\endpoints.js	GET	/bookings/admin/binges/change-requests
src\services\endpoints.js	POST	/bookings/admin/binges/change-requests/${requestId}/approve
src\services\endpoints.js	POST	/bookings/admin/binges/change-requests/${requestId}/reject
src\services\endpoints.js	POST	/bookings/admin/binges/change-requests/${requestId}/cancel
src\services\endpoints.js	POST	/bookings/admin/binges/bulk-timezone
src\services\endpoints.js	GET	/bookings/admin/binges/${id}/customer-dashboard
src\services\endpoints.js	PUT	/bookings/admin/binges/${id}/customer-dashboard
src\services\endpoints.js	GET	/bookings/admin/binges/${id}/customer-about
src\services\endpoints.js	PUT	/bookings/admin/binges/${id}/customer-about
src\services\endpoints.js	PATCH	/bookings/admin/binges/${id}/toggle-active
src\services\endpoints.js	DELETE	/bookings/admin/binges/${id}
src\services\endpoints.js	GET	/bookings/admin/binges/pending
src\services\endpoints.js	POST	/bookings/admin/binges/${id}/approve
src\services\endpoints.js	GET	/bookings/admin/my-permissions
src\services\endpoints.js	GET	/bookings/admin/binges/${id}/about
src\services\endpoints.js	GET	/bookings/admin/binges/${id}/access
src\services\endpoints.js	PUT	/bookings/admin/binges/${id}/access/${moduleKey}
src\services\endpoints.js	PATCH	/bookings/admin/binges/${id}/access-remarks
src\services\endpoints.js	PATCH	/bookings/admin/binges/${id}/taxes-enabled
src\services\endpoints.js	POST	/bookings/admin/binges/${id}/reject
src\services\endpoints.js	POST	/bookings/admin/binges/${id}/resubmit
src\services\endpoints.js	GET	/bookings/admin/notifications
src\services\endpoints.js	GET	/bookings/admin/notifications/unread-count
src\services\endpoints.js	POST	/bookings/admin/notifications/${id}/read
src\services\endpoints.js	POST	/bookings/admin/notifications/read-all
src\services\endpoints.js	GET	/bookings/admin/notifications/sent
src\services\endpoints.js	GET	/bookings/admin/notifications/thread/${threadId}
src\services\endpoints.js	POST	/bookings/admin/notifications/send
src\services\endpoints.js	POST	/bookings/admin/notifications/send-bulk
src\services\endpoints.js	POST	/bookings/admin/notifications/${id}/reply
src\services\endpoints.js	DELETE	/bookings/admin/notifications/${id}
src\services\endpoints.js	POST	/bookings/admin/notifications/clear-read
src\services\endpoints.js	GET	/bookings/admin/binges/${bingeId}/cancellation-tiers
src\services\endpoints.js	PUT	/bookings/admin/binges/${bingeId}/cancellation-tiers
src\services\endpoints.js	GET	/bookings/admin/binges/${bingeId}/cancellation-policy
src\services\endpoints.js	PUT	/bookings/admin/binges/${bingeId}/cancellation-policy
src\services\endpoints.js	GET	/bookings/admin/freezes
src\services\endpoints.js	POST	/bookings/admin/freezes
src\services\endpoints.js	DELETE	/bookings/admin/freezes/${id}
src\services\endpoints.js	GET	/bookings/waitlist/admin
src\services\endpoints.js	GET	/bookings/waitlist/admin/count
src\services\endpoints.js	DELETE	/bookings/waitlist/admin/${entryId}
src\services\endpoints.js	POST	/bookings/waitlist/admin/${entryId}/offer
src\services\endpoints.js	PATCH	/bookings/waitlist/admin/${entryId}/priority
src\services\endpoints.js	POST	/bookings/admin/ops/replay-dlt
src\services\endpoints.js	POST	/bookings/admin/ops/outbox/retry-failed
src\services\endpoints.js	GET	/bookings/admin/ops/health
src\services\endpoints.js	POST	/bookings/admin/media/upload
src\services\endpoints.js	GET	/bookings/admin/venue-rooms
src\services\endpoints.js	POST	/bookings/admin/venue-rooms
src\services\endpoints.js	PUT	/bookings/admin/venue-rooms/${id}
src\services\endpoints.js	PATCH	/bookings/admin/venue-rooms/${id}/toggle-active
src\services\endpoints.js	DELETE	/bookings/admin/venue-rooms/${id}
src\services\endpoints.js	POST	/bookings/admin/venue-rooms/${id}/approve
src\services\endpoints.js	POST	/bookings/admin/venue-rooms/${id}/reject
src\services\endpoints.js	GET	/bookings/admin/venue-rooms/${roomId}/blocks
src\services\endpoints.js	GET	/bookings/admin/venue-rooms/blocks
src\services\endpoints.js	POST	/bookings/admin/venue-rooms/${roomId}/blocks
src\services\endpoints.js	DELETE	/bookings/admin/venue-rooms/blocks/${blockId}
src\services\endpoints.js	GET	/bookings/admin/pricing/surge-rules
src\services\endpoints.js	POST	/bookings/admin/pricing/surge-rules
src\services\endpoints.js	PUT	/bookings/admin/pricing/surge-rules/${id}
src\services\endpoints.js	PATCH	/bookings/admin/pricing/surge-rules/${id}/toggle-active
src\services\endpoints.js	DELETE	/bookings/admin/pricing/surge-rules/${id}
src\services\endpoints.js	GET	/bookings/admin/customers/${customerId}/review-summary
src\services\endpoints.js	GET	/bookings/admin/customers/${customerId}/reviews
src\services\endpoints.js	GET	/bookings/admin/support/${ref}
src\services\endpoints.js	GET	/bookings/admin/support/escalations
src\services\endpoints.js	GET	/bookings/admin/support/${ref}/notes
src\services\endpoints.js	POST	/bookings/admin/support/${ref}/notes
src\services\endpoints.js	PATCH	/bookings/admin/support/notes/${id}
src\services\endpoints.js	DELETE	/bookings/admin/support/notes/${id}
src\services\endpoints.js	POST	/bookings/admin/support/notes/${id}/pin
src\services\endpoints.js	POST	/bookings/admin/support/${ref}/resend-confirmation
src\services\endpoints.js	POST	/bookings/admin/support/${ref}/escalate
src\services\endpoints.js	POST	/bookings/admin/support/${ref}/goodwill
src\services\endpoints.js	POST	/notifications/admin/${id}/retry
src\services\endpoints.js	GET	/payments/admin/disputes
src\services\endpoints.js	GET	/payments/admin/disputes/all
src\services\endpoints.js	GET	/payments/admin/disputes/count
src\services\endpoints.js	PATCH	/payments/admin/disputes/${disputeId}/notes
src\services\endpoints.js	GET	/bookings/admin/risk-flags
src\services\endpoints.js	GET	/bookings/admin/risk-flags/booking/${ref}
src\services\endpoints.js	POST	/bookings/admin/risk-flags/${id}/acknowledge
src\services\endpoints.js	POST	/bookings/admin/risk-flags/booking/${ref}/manual
