method	path	clients	sources
DELETE	/api/v1/auth/admin/sessions/{}	api	frontend\src\services\endpoints.js:82
DELETE	/api/v1/auth/admin/user/{}	api	frontend\src\services\endpoints.js:61
DELETE	/api/v1/auth/admin/users/{}/sessions	api	frontend\src\services\endpoints.js:83
DELETE	/api/v1/auth/authority/grants/{}	api	frontend\src\services\endpoints.js:108
DELETE	/api/v1/auth/authority/locks/{}	api	frontend\src\services\endpoints.js:113
DELETE	/api/v1/auth/privacy/me	api	frontend\src\services\endpoints.js:75
DELETE	/api/v1/auth/sessions/{}	api	frontend\src\services\endpoints.js:78
DELETE	/api/v1/availability/admin/blocked-dates/{}	api	frontend\src\services\endpoints.js:351
DELETE	/api/v1/availability/admin/blocked-slots/{}	api	frontend\src\services\endpoints.js:352
DELETE	/api/v1/availability/admin/unblock-date	api	frontend\src\services\endpoints.js:347
DELETE	/api/v1/availability/admin/unblock-slot	api	frontend\src\services\endpoints.js:349
DELETE	/api/v1/bookings/admin/addon-categories/{}	api	frontend\src\services\endpoints.js:392
DELETE	/api/v1/bookings/admin/addon-categories/global/{}	api	frontend\src\services\endpoints.js:398
DELETE	/api/v1/bookings/admin/add-ons/{}	api	frontend\src\services\endpoints.js:374
DELETE	/api/v1/bookings/admin/binges/{}	api	frontend\src\services\endpoints.js:523
DELETE	/api/v1/bookings/admin/currencies/{}	api	frontend\src\services\endpoints.js:228
DELETE	/api/v1/bookings/admin/event-categories/{}	api	frontend\src\services\endpoints.js:380
DELETE	/api/v1/bookings/admin/event-categories/global/{}	api	frontend\src\services\endpoints.js:386
DELETE	/api/v1/bookings/admin/event-types/{}	api	frontend\src\services\endpoints.js:368
DELETE	/api/v1/bookings/admin/freezes/{}	api	frontend\src\services\endpoints.js:578
DELETE	/api/v1/bookings/admin/notifications/{}	api	frontend\src\services\endpoints.js:566
DELETE	/api/v1/bookings/admin/pricing/customer/{}	api	frontend\src\services\endpoints.js:485
DELETE	/api/v1/bookings/admin/pricing/rate-codes/{}	api	frontend\src\services\endpoints.js:481
DELETE	/api/v1/bookings/admin/pricing/surge-rules/{}	api	frontend\src\services\endpoints.js:618
DELETE	/api/v1/bookings/admin/support/notes/{}	api	frontend\src\services\endpoints.js:637
DELETE	/api/v1/bookings/admin/taxes/{}	api	frontend\src\services\endpoints.js:212
DELETE	/api/v1/bookings/admin/venue-rooms/{}	api	frontend\src\services\endpoints.js:603
DELETE	/api/v1/bookings/admin/venue-rooms/blocks/{}	api	frontend\src\services\endpoints.js:612
DELETE	/api/v1/bookings/notifications/{}	api	frontend\src\services\endpoints.js:297
DELETE	/api/v1/bookings/slot-holds/{}	api	frontend\src\services\endpoints.js:198
DELETE	/api/v1/bookings/slot-holds/admin/{}	api	frontend\src\services\endpoints.js:203
DELETE	/api/v1/bookings/waitlist/{}	api	frontend\src\services\endpoints.js:153
DELETE	/api/v1/bookings/waitlist/admin/{}	api	frontend\src\services\endpoints.js:582
DELETE	/api/v1/notifications/admin/whatsapp-templates/{}	api	frontend\src\services\endpoints.js:264
DELETE	/api/v2/loyalty/super-admin/country-configs/{}	v2	frontend\src\services\loyaltyV2.js:204
DELETE	/api/v2/loyalty/super-admin/tier-perks/{}	v2	frontend\src\services\loyaltyV2.js:185
DELETE	/api/v2/loyalty/super-admin/tiers/{}	v2	frontend\src\services\loyaltyV2.js:173
GET	/api/v1/auth/admin/admins	api	frontend\src\services\endpoints.js:59
GET	/api/v1/auth/admin/audit-log	api	frontend\src\services\endpoints.js:84
GET	/api/v1/auth/admin/customer/{}	api	frontend\src\services\endpoints.js:57
GET	/api/v1/auth/admin/customers	api	frontend\src\services\endpoints.js:54
GET	/api/v1/auth/admin/search-customers	api	frontend\src\services\endpoints.js:52
GET	/api/v1/auth/admin/search-staff	api	frontend\src\services\endpoints.js:53
GET	/api/v1/auth/admin/sessions	api	frontend\src\services\endpoints.js:81
GET	/api/v1/auth/admin/super-admin/stats	api	frontend\src\services\endpoints.js:87
GET	/api/v1/auth/authority/grants	api	frontend\src\services\endpoints.js:105
GET	/api/v1/auth/authority/grants/by-user/{}	api	frontend\src\services\endpoints.js:106
GET	/api/v1/auth/authority/locks	api	frontend\src\services\endpoints.js:111
GET	/api/v1/auth/authority/locks/lookup	api	frontend\src\services\endpoints.js:110
GET	/api/v1/auth/authority/me	api	frontend\src\services\endpoints.js:103
GET	/api/v1/auth/profile	api	frontend\src\services\endpoints.js:34;frontend\src\stores\authStore.ts:49
GET	/api/v1/auth/sessions	api	frontend\src\services\endpoints.js:77
GET	/api/v1/auth/support-contact	api	frontend\src\services\endpoints.js:36
GET	/api/v1/availability/admin/blocked-dates	api	frontend\src\services\endpoints.js:344
GET	/api/v1/availability/admin/blocked-slots	api	frontend\src\services\endpoints.js:345
GET	/api/v1/availability/dates	api	frontend\src\services\endpoints.js:268
GET	/api/v1/availability/slots	api	frontend\src\services\endpoints.js:269
GET	/api/v1/bookings/{}	api	frontend\src\services\endpoints.js:123
GET	/api/v1/bookings/{}/invoice	api	frontend\src\services\endpoints.js:144;frontend\src\services\exportUtils.js:192
GET	/api/v1/bookings/{}/reviews/customer	api	frontend\src\services\endpoints.js:147
GET	/api/v1/bookings/{}/timeline	api	frontend\src\services\endpoints.js:141
GET	/api/v1/bookings/{}/transfers	api	frontend\src\services\endpoints.js:134
GET	/api/v1/bookings/addon-categories	api	frontend\src\services\endpoints.js:121
GET	/api/v1/bookings/add-ons	api	frontend\src\services\endpoints.js:118
GET	/api/v1/bookings/admin	api	frontend\src\services\endpoints.js:318
GET	/api/v1/bookings/admin/{}/available-rooms	api	frontend\src\services\endpoints.js:332
GET	/api/v1/bookings/admin/{}/events	api	frontend\src\services\endpoints.js:421
GET	/api/v1/bookings/admin/{}/reviews	api	frontend\src\services\endpoints.js:422
GET	/api/v1/bookings/admin/addon-categories	api	frontend\src\services\endpoints.js:388
GET	/api/v1/bookings/admin/addon-categories/global	api	frontend\src\services\endpoints.js:394
GET	/api/v1/bookings/admin/add-ons	api	frontend\src\services\endpoints.js:370
GET	/api/v1/bookings/admin/binges	api	frontend\src\services\endpoints.js:498
GET	/api/v1/bookings/admin/binges/{}/about	api	frontend\src\services\endpoints.js:533
GET	/api/v1/bookings/admin/binges/{}/access	api	frontend\src\services\endpoints.js:534
GET	/api/v1/bookings/admin/binges/{}/cancellation-policy	api	frontend\src\services\endpoints.js:573
GET	/api/v1/bookings/admin/binges/{}/cancellation-tiers	api	frontend\src\services\endpoints.js:570
GET	/api/v1/bookings/admin/binges/{}/customer-about	api	frontend\src\services\endpoints.js:520
GET	/api/v1/bookings/admin/binges/{}/customer-dashboard	api	frontend\src\services\endpoints.js:518
GET	/api/v1/bookings/admin/binges/by-admin/{}	api	frontend\src\services\endpoints.js:499
GET	/api/v1/bookings/admin/binges/change-requests	api	frontend\src\services\endpoints.js:508
GET	/api/v1/bookings/admin/binges/pending	api	frontend\src\services\endpoints.js:525
GET	/api/v1/bookings/admin/booked-slots	api	frontend\src\services\endpoints.js:419
GET	/api/v1/bookings/admin/by-date	api	frontend\src\services\endpoints.js:321
GET	/api/v1/bookings/admin/by-status	api	frontend\src\services\endpoints.js:322
GET	/api/v1/bookings/admin/currencies	api	frontend\src\services\endpoints.js:225
GET	/api/v1/bookings/admin/customer-booking-count/{}	api	frontend\src\services\endpoints.js:417
GET	/api/v1/bookings/admin/customers/{}/reviews	api	frontend\src\services\endpoints.js:624
GET	/api/v1/bookings/admin/customers/{}/review-summary	api	frontend\src\services\endpoints.js:623
GET	/api/v1/bookings/admin/dashboard-stats	api	frontend\src\services\endpoints.js:317
GET	/api/v1/bookings/admin/event-categories	api	frontend\src\services\endpoints.js:376
GET	/api/v1/bookings/admin/event-categories/global	api	frontend\src\services\endpoints.js:382
GET	/api/v1/bookings/admin/events/stream	eventsource	frontend\src\hooks\useRealtimeUpdates.js:47
GET	/api/v1/bookings/admin/event-types	api	frontend\src\services\endpoints.js:364
GET	/api/v1/bookings/admin/freezes	api	frontend\src\services\endpoints.js:576
GET	/api/v1/bookings/admin/house-accounts	api	frontend\src\services\endpoints.js:325
GET	/api/v1/bookings/admin/invoices	api	frontend\src\services\endpoints.js:400
GET	/api/v1/bookings/admin/my-permissions	api	frontend\src\services\endpoints.js:532
GET	/api/v1/bookings/admin/notifications	api	frontend\src\services\endpoints.js:547
GET	/api/v1/bookings/admin/notifications/sent	api	frontend\src\services\endpoints.js:556
GET	/api/v1/bookings/admin/notifications/thread/{}	api	frontend\src\services\endpoints.js:558
GET	/api/v1/bookings/admin/notifications/unread-count	api	frontend\src\services\endpoints.js:549
GET	/api/v1/bookings/admin/operational-date	api	frontend\src\services\endpoints.js:406
GET	/api/v1/bookings/admin/ops/health	api	frontend\src\services\endpoints.js:595
GET	/api/v1/bookings/admin/pricing/customer/{}	api	frontend\src\services\endpoints.js:483
GET	/api/v1/bookings/admin/pricing/customer-detail/{}	api	frontend\src\services\endpoints.js:496
GET	/api/v1/bookings/admin/pricing/rate-codes	api	frontend\src\services\endpoints.js:475
GET	/api/v1/bookings/admin/pricing/rate-codes/{}	api	frontend\src\services\endpoints.js:477
GET	/api/v1/bookings/admin/pricing/rate-codes/active	api	frontend\src\services\endpoints.js:476
GET	/api/v1/bookings/admin/pricing/resolve/{}	api	frontend\src\services\endpoints.js:493
GET	/api/v1/bookings/admin/pricing/resolve-rate-code/{}	api	frontend\src\services\endpoints.js:495
GET	/api/v1/bookings/admin/pricing/surge-rules	api	frontend\src\services\endpoints.js:614
GET	/api/v1/bookings/admin/recovery/expired-holds	api	frontend\src\services\endpoints.js:444
GET	/api/v1/bookings/admin/recovery/funnel	api	frontend\src\services\endpoints.js:450
GET	/api/v1/bookings/admin/recovery/no-show	api	frontend\src\services\endpoints.js:446
GET	/api/v1/bookings/admin/recovery/paid-not-confirmed	api	frontend\src\services\endpoints.js:445
GET	/api/v1/bookings/admin/recovery/stuck-pending	api	frontend\src\services\endpoints.js:443
GET	/api/v1/bookings/admin/recovery/summary	api	frontend\src\services\endpoints.js:447
GET	/api/v1/bookings/admin/reports	api	frontend\src\services\endpoints.js:403
GET	/api/v1/bookings/admin/reports/date-range	api	frontend\src\services\endpoints.js:404
GET	/api/v1/bookings/admin/risk-flags	api	frontend\src\services\endpoints.js:667
GET	/api/v1/bookings/admin/risk-flags/booking/{}	api	frontend\src\services\endpoints.js:668
GET	/api/v1/bookings/admin/sagas/compensating	api	frontend\src\services\endpoints.js:437
GET	/api/v1/bookings/admin/sagas/failed	api	frontend\src\services\endpoints.js:436
GET	/api/v1/bookings/admin/search	api	frontend\src\services\endpoints.js:326
GET	/api/v1/bookings/admin/support/{}	api	frontend\src\services\endpoints.js:630
GET	/api/v1/bookings/admin/support/{}/notes	api	frontend\src\services\endpoints.js:634
GET	/api/v1/bookings/admin/support/escalations	api	frontend\src\services\endpoints.js:632
GET	/api/v1/bookings/admin/taxes	api	frontend\src\services\endpoints.js:209
GET	/api/v1/bookings/admin/taxes/global	api	frontend\src\services\endpoints.js:213
GET	/api/v1/bookings/admin/today	api	frontend\src\services\endpoints.js:319
GET	/api/v1/bookings/admin/upcoming	api	frontend\src\services\endpoints.js:320
GET	/api/v1/bookings/admin/venue-rooms	api	frontend\src\services\endpoints.js:599
GET	/api/v1/bookings/admin/venue-rooms/{}/blocks	api	frontend\src\services\endpoints.js:608
GET	/api/v1/bookings/admin/venue-rooms/blocks	api	frontend\src\services\endpoints.js:610
GET	/api/v1/bookings/binges	api	frontend\src\services\endpoints.js:156
GET	/api/v1/bookings/binges/{}	api	frontend\src\services\endpoints.js:160
GET	/api/v1/bookings/binges/{}/cancellation-tiers	api	frontend\src\services\endpoints.js:165
GET	/api/v1/bookings/binges/{}/customer-about	api	frontend\src\services\endpoints.js:162
GET	/api/v1/bookings/binges/{}/customer-dashboard	api	frontend\src\services\endpoints.js:161
GET	/api/v1/bookings/binges/{}/reviews	api	frontend\src\services\endpoints.js:164
GET	/api/v1/bookings/binges/{}/reviews/summary	api	frontend\src\services\endpoints.js:163
GET	/api/v1/bookings/binges/{}/site-content/{}	api	frontend\src\services\endpoints.js:183
GET	/api/v1/bookings/binges/nearby	api	frontend\src\services\endpoints.js:159
GET	/api/v1/bookings/booked-slots	api	frontend\src\services\endpoints.js:128
GET	/api/v1/bookings/currencies	api	frontend\src\services\endpoints.js:189;frontend\src\services\endpoints.js:223
GET	/api/v1/bookings/event-categories	api	frontend\src\services\endpoints.js:120
GET	/api/v1/bookings/event-types	api	frontend\src\services\endpoints.js:117
GET	/api/v1/bookings/freezes/me	api	frontend\src\services\endpoints.js:179
GET	/api/v1/bookings/freezes/me/binge/{}	api	frontend\src\services\endpoints.js:180
GET	/api/v1/bookings/my	api	frontend\src\services\endpoints.js:124
GET	/api/v1/bookings/my/current	api	frontend\src\services\endpoints.js:125
GET	/api/v1/bookings/my/past	api	frontend\src\services\endpoints.js:126
GET	/api/v1/bookings/my/reviews/pending	api	frontend\src\services\endpoints.js:127
GET	/api/v1/bookings/my-pricing	api	frontend\src\services\endpoints.js:149
GET	/api/v1/bookings/notifications	api	frontend\src\services\endpoints.js:288
GET	/api/v1/bookings/notifications/sent	api	frontend\src\services\endpoints.js:291
GET	/api/v1/bookings/notifications/thread/{}	api	frontend\src\services\endpoints.js:292
GET	/api/v1/bookings/notifications/unread-count	api	frontend\src\services\endpoints.js:289
GET	/api/v1/bookings/recurring/{}	api	frontend\src\services\endpoints.js:146
GET	/api/v1/bookings/slot-capacity	api	frontend\src\services\endpoints.js:150
GET	/api/v1/bookings/slot-holds/{}	api	frontend\src\services\endpoints.js:197
GET	/api/v1/bookings/slot-holds/admin	api	frontend\src\services\endpoints.js:201
GET	/api/v1/bookings/slot-holds/my	api	frontend\src\services\endpoints.js:199
GET	/api/v1/bookings/surge/quote	api	frontend\src\services\endpoints.js:177
GET	/api/v1/bookings/surge-rules	api	frontend\src\services\endpoints.js:175
GET	/api/v1/bookings/taxes/preview	api	frontend\src\services\endpoints.js:187;frontend\src\services\endpoints.js:217
GET	/api/v1/bookings/venue-rooms	api	frontend\src\services\endpoints.js:167
GET	/api/v1/bookings/venue-rooms/{}/reviews	api	frontend\src\services\endpoints.js:171
GET	/api/v1/bookings/venue-rooms/{}/reviews/summary	api	frontend\src\services\endpoints.js:170
GET	/api/v1/bookings/venue-rooms/available	api	frontend\src\services\endpoints.js:168
GET	/api/v1/bookings/waitlist/admin	api	frontend\src\services\endpoints.js:580
GET	/api/v1/bookings/waitlist/admin/count	api	frontend\src\services\endpoints.js:581
GET	/api/v1/bookings/waitlist/my	api	frontend\src\services\endpoints.js:154
GET	/api/v1/booking-transfers/by-token/{}	api	frontend\src\services\endpoints.js:137
GET	/api/v1/notifications/admin/templates	api	frontend\src\services\endpoints.js:255
GET	/api/v1/notifications/admin/whatsapp-templates	api	frontend\src\services\endpoints.js:260
GET	/api/v1/notifications/admin/whatsapp-templates/{}	api	frontend\src\services\endpoints.js:261
GET	/api/v1/notifications/booking/{}	api	frontend\src\services\endpoints.js:243
GET	/api/v1/notifications/my	api	frontend\src\services\endpoints.js:242
GET	/api/v1/notifications/preferences	api	frontend\src\services\endpoints.js:245
GET	/api/v1/notifications/push/public-key	api	frontend\src\services\endpoints.js:248
GET	/api/v1/payments/admin/approvals	api	frontend\src\services\endpoints.js:460
GET	/api/v1/payments/admin/approvals/{}	api	frontend\src\services\endpoints.js:461
GET	/api/v1/payments/admin/disputes	api	frontend\src\services\endpoints.js:655
GET	/api/v1/payments/admin/disputes/all	api	frontend\src\services\endpoints.js:657
GET	/api/v1/payments/admin/disputes/count	api	frontend\src\services\endpoints.js:659
GET	/api/v1/payments/admin/refunds/{}	api	frontend\src\services\endpoints.js:354
GET	/api/v1/payments/admin/refunds/failed	api	frontend\src\services\endpoints.js:468
GET	/api/v1/payments/admin/stats	api	frontend\src\services\endpoints.js:355
GET	/api/v1/payments/booking/{}	api	frontend\src\services\endpoints.js:303
GET	/api/v1/payments/my	api	frontend\src\services\endpoints.js:304
GET	/api/v1/payments/transaction/{}	api	frontend\src\services\endpoints.js:306
GET	/api/v1/site-content/public/{}	api	frontend\src\services\endpoints.js:311
GET	/api/v2/loyalty/admin/bindings/{}	v2	frontend\src\services\loyaltyV2.js:108
GET	/api/v2/loyalty/admin/bindings/{}/earn-rules	v2	frontend\src\services\loyaltyV2.js:117
GET	/api/v2/loyalty/admin/bindings/{}/redeem-rule	v2	frontend\src\services\loyaltyV2.js:123
GET	/api/v2/loyalty/admin/goodwill/{}/budget	v2	frontend\src\services\loyaltyV2.js:214
GET	/api/v2/loyalty/admin/status-match/pending	v2	frontend\src\services\loyaltyV2.js:132
GET	/api/v2/loyalty/me	v2	frontend\src\services\loyaltyV2.js:67
GET	/api/v2/loyalty/me/earn-quote	v2	frontend\src\services\loyaltyV2.js:85
GET	/api/v2/loyalty/me/ledger	v2	frontend\src\services\loyaltyV2.js:75
GET	/api/v2/loyalty/me/redeem-quote	v2	frontend\src\services\loyaltyV2.js:79
GET	/api/v2/loyalty/me/status-match	v2	frontend\src\services\loyaltyV2.js:91
GET	/api/v2/loyalty/super-admin/bindings	v2	frontend\src\services\loyaltyV2.js:188
GET	/api/v2/loyalty/super-admin/country-configs	v2	frontend\src\services\loyaltyV2.js:198
GET	/api/v2/loyalty/super-admin/customers/{}	v2	frontend\src\services\loyaltyV2.js:142
GET	/api/v2/loyalty/super-admin/customers/{}/ledger	v2	frontend\src\services\loyaltyV2.js:150
GET	/api/v2/loyalty/super-admin/perks	v2	frontend\src\services\loyaltyV2.js:176
GET	/api/v2/loyalty/super-admin/program	v2	frontend\src\services\loyaltyV2.js:161
GET	/api/v2/loyalty/super-admin/tier-perks	v2	frontend\src\services\loyaltyV2.js:155
GET	/api/v2/loyalty/super-admin/tiers	v2	frontend\src\services\loyaltyV2.js:167
PATCH	/api/v1/bookings/admin/{}	api	frontend\src\services\endpoints.js:327
PATCH	/api/v1/bookings/admin/{}/room	api	frontend\src\services\endpoints.js:334
PATCH	/api/v1/bookings/admin/addon-categories/{}/toggle-active	api	frontend\src\services\endpoints.js:391
PATCH	/api/v1/bookings/admin/addon-categories/global/{}/toggle-active	api	frontend\src\services\endpoints.js:397
PATCH	/api/v1/bookings/admin/add-ons/{}/toggle-active	api	frontend\src\services\endpoints.js:373
PATCH	/api/v1/bookings/admin/binges/{}/access-remarks	api	frontend\src\services\endpoints.js:539
PATCH	/api/v1/bookings/admin/binges/{}/taxes-enabled	api	frontend\src\services\endpoints.js:542
PATCH	/api/v1/bookings/admin/binges/{}/toggle-active	api	frontend\src\services\endpoints.js:522
PATCH	/api/v1/bookings/admin/event-categories/{}/toggle-active	api	frontend\src\services\endpoints.js:379
PATCH	/api/v1/bookings/admin/event-categories/global/{}/toggle-active	api	frontend\src\services\endpoints.js:385
PATCH	/api/v1/bookings/admin/event-types/{}/toggle-active	api	frontend\src\services\endpoints.js:367
PATCH	/api/v1/bookings/admin/pricing/customer/{}/member-label	api	frontend\src\services\endpoints.js:487
PATCH	/api/v1/bookings/admin/pricing/rate-codes/{}/toggle-active	api	frontend\src\services\endpoints.js:480
PATCH	/api/v1/bookings/admin/pricing/surge-rules/{}/toggle-active	api	frontend\src\services\endpoints.js:617
PATCH	/api/v1/bookings/admin/support/notes/{}	api	frontend\src\services\endpoints.js:636
PATCH	/api/v1/bookings/admin/venue-rooms/{}/toggle-active	api	frontend\src\services\endpoints.js:602
PATCH	/api/v1/bookings/waitlist/admin/{}/priority	api	frontend\src\services\endpoints.js:586
PATCH	/api/v1/payments/admin/disputes/{}/notes	api	frontend\src\services\endpoints.js:661
POST	/api/v1/auth/admin/admins/{}/demote	api	frontend\src\services\endpoints.js:86
POST	/api/v1/auth/admin/admins/{}/promote	api	frontend\src\services\endpoints.js:85
POST	/api/v1/auth/admin/bulk-ban	api	frontend\src\services\endpoints.js:62
POST	/api/v1/auth/admin/bulk-delete	api	frontend\src\services\endpoints.js:64
POST	/api/v1/auth/admin/bulk-unban	api	frontend\src\services\endpoints.js:63
POST	/api/v1/auth/admin/create-customer	api	frontend\src\services\endpoints.js:55
POST	/api/v1/auth/admin/customer/{}/temp-password	api	frontend\src\services\endpoints.js:56
POST	/api/v1/auth/admin/login	api	frontend\src\services\endpoints.js:32
POST	/api/v1/auth/admin/register	api	frontend\src\services\endpoints.js:33
POST	/api/v1/auth/authority/grants	api	frontend\src\services\endpoints.js:107
POST	/api/v1/auth/authority/locks	api	frontend\src\services\endpoints.js:112
POST	/api/v1/auth/change-email/confirm	api	frontend\src\services\endpoints.js:45
POST	/api/v1/auth/change-email/request	api	frontend\src\services\endpoints.js:44
POST	/api/v1/auth/forgot-password	api	frontend\src\services\endpoints.js:49
POST	/api/v1/auth/google	api	frontend\src\services\endpoints.js:31
POST	/api/v1/auth/login	api	frontend\src\services\endpoints.js:30
POST	/api/v1/auth/logout	api,axios	frontend\src\services\api.js:290;frontend\src\services\api.js:303;frontend\src\stores\authStore.ts:210
POST	/api/v1/auth/mfa/confirm	api	frontend\src\services\endpoints.js:67
POST	/api/v1/auth/mfa/disable	api	frontend\src\services\endpoints.js:68
POST	/api/v1/auth/mfa/enroll	api	frontend\src\services\endpoints.js:66
POST	/api/v1/auth/refresh	axios	frontend\src\services\api.js:212;frontend\src\services\api.js:82
POST	/api/v1/auth/register	api	frontend\src\services\endpoints.js:29
POST	/api/v1/auth/resend-verification	api	frontend\src\services\endpoints.js:71
POST	/api/v1/auth/reset-password	api	frontend\src\services\endpoints.js:50
POST	/api/v1/auth/sessions/revoke-others	api	frontend\src\services\endpoints.js:79
POST	/api/v1/auth/verify-email	api	frontend\src\services\endpoints.js:70
POST	/api/v1/auth/verify-otp	api	frontend\src\services\endpoints.js:51
POST	/api/v1/availability/admin/block-date	api	frontend\src\services\endpoints.js:346
POST	/api/v1/availability/admin/block-slot	api	frontend\src\services\endpoints.js:348
POST	/api/v1/bookings	api	frontend\src\services\endpoints.js:122
POST	/api/v1/bookings/{}/cancel	api	frontend\src\services\endpoints.js:129
POST	/api/v1/bookings/{}/reschedule	api	frontend\src\services\endpoints.js:130
POST	/api/v1/bookings/{}/reviews/customer	api	frontend\src\services\endpoints.js:148
POST	/api/v1/bookings/{}/transfers	api	frontend\src\services\endpoints.js:133
POST	/api/v1/bookings/{}/transfers/{}/revoke	api	frontend\src\services\endpoints.js:135
POST	/api/v1/bookings/admin/{}/cancel	api	frontend\src\services\endpoints.js:328
POST	/api/v1/bookings/admin/{}/check-in	api	frontend\src\services\endpoints.js:330
POST	/api/v1/bookings/admin/{}/check-in/otp/issue	api	frontend\src\services\endpoints.js:339
POST	/api/v1/bookings/admin/{}/check-in/qr/issue	api	frontend\src\services\endpoints.js:338
POST	/api/v1/bookings/admin/{}/checkout	api	frontend\src\services\endpoints.js:335
POST	/api/v1/bookings/admin/{}/confirm	api	frontend\src\services\endpoints.js:329
POST	/api/v1/bookings/admin/{}/invoice/resend	api	frontend\src\services\endpoints.js:401
POST	/api/v1/bookings/admin/{}/override-status	api	frontend\src\services\endpoints.js:432
POST	/api/v1/bookings/admin/{}/replay	api	frontend\src\services\endpoints.js:425
POST	/api/v1/bookings/admin/{}/reviews	api	frontend\src\services\endpoints.js:423
POST	/api/v1/bookings/admin/{}/undo-check-in	api	frontend\src\services\endpoints.js:336
POST	/api/v1/bookings/admin/addon-categories	api	frontend\src\services\endpoints.js:389
POST	/api/v1/bookings/admin/addon-categories/global	api	frontend\src\services\endpoints.js:395
POST	/api/v1/bookings/admin/add-ons	api	frontend\src\services\endpoints.js:371
POST	/api/v1/bookings/admin/audit	api	frontend\src\services\endpoints.js:413
POST	/api/v1/bookings/admin/binges	api	frontend\src\services\endpoints.js:500
POST	/api/v1/bookings/admin/binges/{}/approve	api	frontend\src\services\endpoints.js:529
POST	/api/v1/bookings/admin/binges/{}/country-request	api	frontend\src\services\endpoints.js:504
POST	/api/v1/bookings/admin/binges/{}/reject	api	frontend\src\services\endpoints.js:543
POST	/api/v1/bookings/admin/binges/{}/resubmit	api	frontend\src\services\endpoints.js:544
POST	/api/v1/bookings/admin/binges/bulk-timezone	api	frontend\src\services\endpoints.js:517
POST	/api/v1/bookings/admin/binges/change-requests/{}/approve	api	frontend\src\services\endpoints.js:510
POST	/api/v1/bookings/admin/binges/change-requests/{}/cancel	api	frontend\src\services\endpoints.js:514
POST	/api/v1/bookings/admin/binges/change-requests/{}/reject	api	frontend\src\services\endpoints.js:512
POST	/api/v1/bookings/admin/check-in/verify	api	frontend\src\services\endpoints.js:340
POST	/api/v1/bookings/admin/create-booking	api	frontend\src\services\endpoints.js:415
POST	/api/v1/bookings/admin/currencies	api	frontend\src\services\endpoints.js:226
POST	/api/v1/bookings/admin/currencies/{}/toggle	api	frontend\src\services\endpoints.js:227
POST	/api/v1/bookings/admin/currencies/refresh	api	frontend\src\services\endpoints.js:230
POST	/api/v1/bookings/admin/event-categories	api	frontend\src\services\endpoints.js:377
POST	/api/v1/bookings/admin/event-categories/global	api	frontend\src\services\endpoints.js:383
POST	/api/v1/bookings/admin/event-types	api	frontend\src\services\endpoints.js:365
POST	/api/v1/bookings/admin/freezes	api	frontend\src\services\endpoints.js:577
POST	/api/v1/bookings/admin/media/upload	api	frontend\src\services\endpoints.js:597
POST	/api/v1/bookings/admin/notifications/{}/read	api	frontend\src\services\endpoints.js:551
POST	/api/v1/bookings/admin/notifications/{}/reply	api	frontend\src\services\endpoints.js:564
POST	/api/v1/bookings/admin/notifications/clear-read	api	frontend\src\services\endpoints.js:568
POST	/api/v1/bookings/admin/notifications/read-all	api	frontend\src\services\endpoints.js:553
POST	/api/v1/bookings/admin/notifications/send	api	frontend\src\services\endpoints.js:560
POST	/api/v1/bookings/admin/notifications/send-bulk	api	frontend\src\services\endpoints.js:562
POST	/api/v1/bookings/admin/operational-date/advance	api	frontend\src\services\endpoints.js:408
POST	/api/v1/bookings/admin/operational-date/set	api	frontend\src\services\endpoints.js:411
POST	/api/v1/bookings/admin/ops/outbox/retry-failed	api	frontend\src\services\endpoints.js:594
POST	/api/v1/bookings/admin/ops/replay-dlt	api	frontend\src\services\endpoints.js:591
POST	/api/v1/bookings/admin/pricing/bulk-assign-rate-code	api	frontend\src\services\endpoints.js:486
POST	/api/v1/bookings/admin/pricing/customer	api	frontend\src\services\endpoints.js:484
POST	/api/v1/bookings/admin/pricing/rate-codes	api	frontend\src\services\endpoints.js:478
POST	/api/v1/bookings/admin/pricing/surge-rules	api	frontend\src\services\endpoints.js:615
POST	/api/v1/bookings/admin/recovery/expired-holds/{}/release	api	frontend\src\services\endpoints.js:452
POST	/api/v1/bookings/admin/recovery/paid-not-confirmed/{}/replay	api	frontend\src\services\endpoints.js:454
POST	/api/v1/bookings/admin/recovery/stuck-pending/{}/cancel	api	frontend\src\services\endpoints.js:453
POST	/api/v1/bookings/admin/replay-all	api	frontend\src\services\endpoints.js:426
POST	/api/v1/bookings/admin/risk-flags/{}/acknowledge	api	frontend\src\services\endpoints.js:669
POST	/api/v1/bookings/admin/risk-flags/booking/{}/manual	api	frontend\src\services\endpoints.js:671
POST	/api/v1/bookings/admin/support/{}/escalate	api	frontend\src\services\endpoints.js:641
POST	/api/v1/bookings/admin/support/{}/goodwill	api	frontend\src\services\endpoints.js:642
POST	/api/v1/bookings/admin/support/{}/notes	api	frontend\src\services\endpoints.js:635
POST	/api/v1/bookings/admin/support/{}/resend-confirmation	api	frontend\src\services\endpoints.js:640
POST	/api/v1/bookings/admin/support/notes/{}/pin	api	frontend\src\services\endpoints.js:638
POST	/api/v1/bookings/admin/taxes	api	frontend\src\services\endpoints.js:210
POST	/api/v1/bookings/admin/taxes/global	api	frontend\src\services\endpoints.js:214
POST	/api/v1/bookings/admin/venue-rooms	api	frontend\src\services\endpoints.js:600
POST	/api/v1/bookings/admin/venue-rooms/{}/approve	api	frontend\src\services\endpoints.js:605
POST	/api/v1/bookings/admin/venue-rooms/{}/blocks	api	frontend\src\services\endpoints.js:611
POST	/api/v1/bookings/admin/venue-rooms/{}/reject	api	frontend\src\services\endpoints.js:606
POST	/api/v1/bookings/analytics/funnel	sendbeacon/fetch	frontend\src\services\analytics.js:76
POST	/api/v1/bookings/notifications/{}/read	api	frontend\src\services\endpoints.js:293
POST	/api/v1/bookings/notifications/{}/reply	api	frontend\src\services\endpoints.js:295
POST	/api/v1/bookings/notifications/attachment	api	frontend\src\services\endpoints.js:278
POST	/api/v1/bookings/notifications/contact-support	api	frontend\src\services\endpoints.js:296
POST	/api/v1/bookings/notifications/read-all	api	frontend\src\services\endpoints.js:294
POST	/api/v1/bookings/recurring	api	frontend\src\services\endpoints.js:145
POST	/api/v1/bookings/slot-holds	api	frontend\src\services\endpoints.js:196
POST	/api/v1/bookings/waitlist	api	frontend\src\services\endpoints.js:152
POST	/api/v1/bookings/waitlist/admin/{}/offer	api	frontend\src\services\endpoints.js:583
POST	/api/v1/booking-transfers/by-token/{}/accept	api	frontend\src\services\endpoints.js:138
POST	/api/v1/booking-transfers/by-token/{}/decline	api	frontend\src\services\endpoints.js:139
POST	/api/v1/notifications/admin/{}/retry	api	frontend\src\services\endpoints.js:644
POST	/api/v1/notifications/admin/retry-failed	api	frontend\src\services\endpoints.js:253;frontend\src\services\endpoints.js:439
POST	/api/v1/notifications/admin/templates	api	frontend\src\services\endpoints.js:256
POST	/api/v1/notifications/admin/templates/activate	api	frontend\src\services\endpoints.js:257
POST	/api/v1/notifications/admin/whatsapp-templates	api	frontend\src\services\endpoints.js:262
POST	/api/v1/notifications/push/subscribe	api	frontend\src\services\endpoints.js:249
POST	/api/v1/notifications/push/test	api	frontend\src\services\endpoints.js:251
POST	/api/v1/notifications/push/unsubscribe	api	frontend\src\services\endpoints.js:250
POST	/api/v1/payments/admin/add-payment	api	frontend\src\services\endpoints.js:358
POST	/api/v1/payments/admin/approvals/{}/approve	api	frontend\src\services\endpoints.js:462
POST	/api/v1/payments/admin/approvals/{}/cancel	api	frontend\src\services\endpoints.js:464
POST	/api/v1/payments/admin/approvals/{}/execute-refund-retry	api	frontend\src\services\endpoints.js:465
POST	/api/v1/payments/admin/approvals/{}/reject	api	frontend\src\services\endpoints.js:463
POST	/api/v1/payments/admin/record-cash	api	frontend\src\services\endpoints.js:357
POST	/api/v1/payments/admin/refund	api	frontend\src\services\endpoints.js:353
POST	/api/v1/payments/admin/refunds/{}/retry	api	frontend\src\services\endpoints.js:473
POST	/api/v1/payments/admin/simulate/{}	api	frontend\src\services\endpoints.js:356
POST	/api/v1/payments/callback	api	frontend\src\services\endpoints.js:302
POST	/api/v1/payments/cancel/{}	api	frontend\src\services\endpoints.js:305
POST	/api/v1/payments/initiate	api	frontend\src\services\endpoints.js:301
POST	/api/v2/loyalty/admin/bindings/{}/disable	v2	frontend\src\services\loyaltyV2.js:114
POST	/api/v2/loyalty/admin/bindings/{}/earn-rules	v2	frontend\src\services\loyaltyV2.js:120
POST	/api/v2/loyalty/admin/bindings/{}/enable	v2	frontend\src\services\loyaltyV2.js:111
POST	/api/v2/loyalty/admin/bindings/{}/perks	v2	frontend\src\services\loyaltyV2.js:129
POST	/api/v2/loyalty/admin/bindings/{}/redeem-rule	v2	frontend\src\services\loyaltyV2.js:126
POST	/api/v2/loyalty/admin/enrollments	v2	frontend\src\services\loyaltyV2.js:104
POST	/api/v2/loyalty/admin/goodwill/{}	v2	frontend\src\services\loyaltyV2.js:217
POST	/api/v2/loyalty/admin/status-match/{}/approve	v2	frontend\src\services\loyaltyV2.js:135
POST	/api/v2/loyalty/admin/status-match/{}/reject	v2	frontend\src\services\loyaltyV2.js:138
POST	/api/v2/loyalty/me/status-match	v2	frontend\src\services\loyaltyV2.js:95
POST	/api/v2/loyalty/super-admin/bindings/{}/goodwill-settings	v2	frontend\src\services\loyaltyV2.js:211
POST	/api/v2/loyalty/super-admin/bindings/bulk	v2	frontend\src\services\loyaltyV2.js:191
POST	/api/v2/loyalty/super-admin/country-configs	v2	frontend\src\services\loyaltyV2.js:201
POST	/api/v2/loyalty/super-admin/customers/{}/adjust	v2	frontend\src\services\loyaltyV2.js:146
POST	/api/v2/loyalty/super-admin/perks	v2	frontend\src\services\loyaltyV2.js:179
POST	/api/v2/loyalty/super-admin/tier-perks	v2	frontend\src\services\loyaltyV2.js:182
POST	/api/v2/loyalty/super-admin/tiers	v2	frontend\src\services\loyaltyV2.js:170
PUT	/api/v1/auth/admin/admins/{}	api	frontend\src\services\endpoints.js:60
PUT	/api/v1/auth/admin/customer/{}	api	frontend\src\services\endpoints.js:58
PUT	/api/v1/auth/change-email	api	frontend\src\services\endpoints.js:40
PUT	/api/v1/auth/change-password	api	frontend\src\services\endpoints.js:38
PUT	/api/v1/auth/change-phone	api	frontend\src\services\endpoints.js:48
PUT	/api/v1/auth/complete-profile	api	frontend\src\services\endpoints.js:37
PUT	/api/v1/auth/profile	api	frontend\src\services\endpoints.js:39
PUT	/api/v1/auth/profile/preferences	api	frontend\src\services\endpoints.js:35
PUT	/api/v1/bookings/admin/addon-categories/{}	api	frontend\src\services\endpoints.js:390
PUT	/api/v1/bookings/admin/addon-categories/global/{}	api	frontend\src\services\endpoints.js:396
PUT	/api/v1/bookings/admin/add-ons/{}	api	frontend\src\services\endpoints.js:372
PUT	/api/v1/bookings/admin/binges/{}	api	frontend\src\services\endpoints.js:501
PUT	/api/v1/bookings/admin/binges/{}/access/{}	api	frontend\src\services\endpoints.js:537
PUT	/api/v1/bookings/admin/binges/{}/cancellation-policy	api	frontend\src\services\endpoints.js:574
PUT	/api/v1/bookings/admin/binges/{}/cancellation-tiers	api	frontend\src\services\endpoints.js:571
PUT	/api/v1/bookings/admin/binges/{}/customer-about	api	frontend\src\services\endpoints.js:521
PUT	/api/v1/bookings/admin/binges/{}/customer-dashboard	api	frontend\src\services\endpoints.js:519
PUT	/api/v1/bookings/admin/binges/{}/site-content/{}	api	frontend\src\services\endpoints.js:185
PUT	/api/v1/bookings/admin/event-categories/{}	api	frontend\src\services\endpoints.js:378
PUT	/api/v1/bookings/admin/event-categories/global/{}	api	frontend\src\services\endpoints.js:384
PUT	/api/v1/bookings/admin/event-types/{}	api	frontend\src\services\endpoints.js:366
PUT	/api/v1/bookings/admin/pricing/rate-codes/{}	api	frontend\src\services\endpoints.js:479
PUT	/api/v1/bookings/admin/pricing/surge-rules/{}	api	frontend\src\services\endpoints.js:616
PUT	/api/v1/bookings/admin/taxes/{}	api	frontend\src\services\endpoints.js:211
PUT	/api/v1/bookings/admin/venue-rooms/{}	api	frontend\src\services\endpoints.js:601
PUT	/api/v1/notifications/admin/whatsapp-templates/{}	api	frontend\src\services\endpoints.js:263
PUT	/api/v1/notifications/preferences	api	frontend\src\services\endpoints.js:246
PUT	/api/v1/site-content/admin/{}	api	frontend\src\services\endpoints.js:313
PUT	/api/v2/loyalty/super-admin/program	v2	frontend\src\services\loyaltyV2.js:164
